"organization";"organization_cleaned";"eq_firm";"name_diff";"match";"classified"
"ansell";"ansell";"ansell";0;1;"auto"
"arnotts biscuits";"arnotts biscuits";"arnotts biscuits";0;1;"auto"
"burns philp";"burns philp";"burns philp";0;1;"auto"
"sigma";"sigma";"sigma";0;1;"auto"
"telstra";"telstra";"telstra";0;1;"auto"
"ams";"ams";"ams";0;1;"auto"
"avl";"avl";"avl";0;1;"auto"
"borealis";"borealis";"borealis";0;1;"auto"
"julius blum";"julius blum";"julius blum";0;1;"auto"
"lenzing";"lenzing";"lenzing";0;1;"auto"
"palfinger";"palfinger";"palfinger";0;1;"auto"
"semperit";"semperit";"semperit";0;1;"auto"
"skidata";"skidata";"skidata";0;1;"auto"
"steyr mannlicher holding";"steyr mannlicher";"steyr mannlicher";0;1;"auto"
"zumtobel lighting";"zumtobel lighting";"zumtobel lighting";0;1;"auto"
"janssen pharmaceutica";"janssen pharmaceutica";"janssen pharmaceutica";0;1;"auto"
"materialise nv";"materialise nv";"materialise nv";0;1;"auto"
"solvay";"solvay";"solvay";0;1;"auto"
"ucb pharma";"ucb";"ucb";0;1;"auto"
"umicore";"umicore";"umicore";0;1;"auto"
"braskem";"braskem";"braskem";0;1;"auto"
"ballard power systems";"ballard power";"ballard power";0;1;"auto"
"biovail";"biovail";"biovail";0;1;"auto"
"cameco";"cameco";"cameco";0;1;"auto"
"canadian national railway";"canadian national railway";"canadian national railway";0;1;"auto"
"cascades";"cascades";"cascades";0;1;"auto"
"cognos";"cognos";"cognos";0;1;"auto"
"corel";"corel";"corel";0;1;"auto"
"domtar";"domtar";"domtar";0;1;"auto"
"enwave";"enwave";"enwave";0;1;"auto"
"ganz";"ganz";"ganz";0;1;"auto"
"hatch";"hatch";"hatch";0;1;"auto"
"imax";"imax";"imax";0;1;"auto"
"lee valley tools";"lee valley tools";"lee valley tools";0;1;"auto"
"macdonald dettwiler and associates";"macdonald dettwiler and";"macdonald dettwiler and";0;1;"auto"
"mitel";"mitel";"mitel";0;1;"auto"
"opentext";"opentext";"opentext";0;1;"auto"
"prairie plant systems";"prairie plant";"prairie plant";0;1;"auto"
"precision drilling";"precision drilling";"precision drilling";0;1;"auto"
"valeant pharmaceuticals";"valeant";"valeant";0;1;"auto"
"founder";"founder";"founder";0;1;"auto"
"huawei";"huawei";"huawei";0;1;"auto"
"neusoft";"neusoft";"neusoft";0;1;"auto"
"opple lighting";"opple lighting";"opple lighting";0;1;"auto"
"tcl communication";"tcl";"tcl";0;1;"auto"
"xiaomi";"xiaomi";"xiaomi";0;1;"auto"
"novo nordisk";"novo nordisk";"novo nordisk";0;1;"auto"
"nokia";"nokia";"nokia";0;1;"auto"
"valmet";"valmet";"valmet";0;1;"auto"
"airbus operations";"airbus";"airbus";0;1;"auto"
"alstom";"alstom";"alstom";0;1;"auto"
"atos services";"atos";"atos";0;1;"auto"
"bnp paribas";"bnp paribas";"bnp paribas";0;1;"auto"
"canal";"canal";"canal";0;1;"auto"
"cartier";"cartier";"cartier";0;1;"auto"
"dassault systèmes";"dassault systemes";"dassault systemes";0;1;"auto"
"decathlon";"decathlon";"decathlon";0;1;"auto"
"framatome";"framatome";"framatome";0;1;"auto"
"genset";"genset";"genset";0;1;"auto"
"hutchinson";"hutchinson";"hutchinson";0;1;"auto"
"jcdecaux";"jcdecaux";"jcdecaux";0;1;"auto"
"lafuma";"lafuma";"lafuma";0;1;"auto"
"loreal";"loreal";"loreal";0;1;"auto"
"matra";"matra";"matra";0;1;"auto"
"mavic";"mavic";"mavic";0;1;"auto"
"naval";"naval";"naval";0;1;"auto"
"parrot";"parrot";"parrot";0;1;"auto"
"rhodia operations";"rhodia";"rhodia";0;1;"auto"
"safran";"safran";"safran";0;1;"auto"
"sagem";"sagem";"sagem";0;1;"auto"
"salomon";"salomon";"salomon";0;1;"auto"
"schneider electric";"schneider electric";"schneider electric";0;1;"auto"
"snecma";"snecma";"snecma";0;1;"auto"
"bic";"bic";"bic";0;1;"auto"
"sodexo";"sodexo";"sodexo";0;1;"auto"
"technicolor licensing";"technicolor";"technicolor";0;1;"auto"
"technip";"technip";"technip";0;1;"auto"
"thales";"thales";"thales";0;1;"auto"
"total";"total";"total";0;1;"auto"
"adidas";"adidas";"adidas";0;1;"auto"
"aeg";"aeg";"aeg";0;1;"auto"
"altana pharma";"altana";"altana";0;1;"auto"
"arcor";"arcor";"arcor";0;1;"auto"
"audi";"audi";"audi";0;1;"auto"
"august storck kg";"august storck";"august storck";0;1;"auto"
"basf";"basf";"basf";0;1;"auto"
"bayer";"bayer";"bayer";0;1;"auto"
"beiersdorf";"beiersdorf";"beiersdorf";0;1;"auto"
"bmw";"bmw";"bmw";0;1;"auto"
"boehringer ingelheim";"boehringer ingelheim";"boehringer ingelheim";0;1;"auto"
"braun";"braun";"braun";0;1;"auto"
"carl zeiss";"carl zeiss";"carl zeiss";0;1;"auto"
"continental";"continental";"continental";0;1;"auto"
"daimler";"daimler";"daimler";0;1;"auto"
"deutsche börse";"deutsche borse";"deutsche borse";0;1;"auto"
"deutsche telekom";"deutsche telekom";"deutsche telekom";0;1;"auto"
"dräger medical";"drager";"drager";0;1;"auto"
"dürr systems";"durr";"durr";0;1;"auto"
"elringklinger";"elringklinger";"elringklinger";0;1;"auto"
"epcos";"epcos";"epcos";0;1;"auto"
"festo";"festo";"festo";0;1;"auto"
"fresenius";"fresenius";"fresenius";0;1;"auto"
"gea";"gea";"gea";0;1;"auto"
"gfk";"gfk";"gfk";0;1;"auto"
"heidelberger druckmaschinen";"heidelberger druckmaschinen";"heidelberger druckmaschinen";0;1;"auto"
"heinkel";"heinkel";"heinkel";0;1;"auto"
"henkel";"henkel";"henkel";0;1;"auto"
"heraeus holding";"heraeus";"heraeus";0;1;"auto"
"herrenknecht";"herrenknecht";"herrenknecht";0;1;"auto"
"hoechst";"hoechst";"hoechst";0;1;"auto"
"hoesch";"hoesch";"hoesch";0;1;"auto"
"iav";"iav";"iav";0;1;"auto"
"j schmalz";"j schmalz";"j schmalz";0;1;"auto"
"körber";"korber";"korber";0;1;"auto"
"kraussmaffei";"kraussmaffei";"kraussmaffei";0;1;"auto"
"krones";"krones";"krones";0;1;"auto"
"kuka systems";"kuka";"kuka";0;1;"auto"
"magix";"magix";"magix";0;1;"auto"
"mahle";"mahle";"mahle";0;1;"auto"
"man";"man";"man";0;1;"auto"
"mannesmann";"mannesmann";"mannesmann";0;1;"auto"
"merck";"merck";"merck";0;1;"auto"
"metro systems";"metro";"metro";0;1;"auto"
"miele";"miele";"miele";0;1;"auto"
"philipp holzmann";"philipp holzmann";"philipp holzmann";0;1;"auto"
"porsche";"porsche";"porsche";0;1;"auto"
"puma";"puma";"puma";0;1;"auto"
"recaro";"recaro";"recaro";0;1;"auto"
"rheinmetall";"rheinmetall";"rheinmetall";0;1;"auto"
"robert bosch";"robert bosch";"robert bosch";0;1;"auto"
"rwe";"rwe";"rwe";0;1;"auto"
"saba";"saba";"saba";0;1;"auto"
"schaeffler kg";"schaeffler";"schaeffler";0;1;"auto"
"schering";"schering";"schering";0;1;"auto"
"schott";"schott";"schott";0;1;"auto"
"seca";"seca";"seca";0;1;"auto"
"siemens";"siemens";"siemens";0;1;"auto"
"";"";"";0;1;"auto"
"sudzucker";"sudzucker";"sudzucker";0;1;"auto"
"thyssenkrupp";"thyssenkrupp";"thyssenkrupp";0;1;"auto"
"vereinigte flugtechnische werke";"vereinigte flugtechnische werke";"vereinigte flugtechnische werke";0;1;"auto"
"volkswagen";"volkswagen";"volkswagen";0;1;"auto"
"wacker chemie";"wacker chemie";"wacker chemie";0;1;"auto"
"wella";"wella";"wella";0;1;"auto"
"wintershall";"wintershall";"wintershall";0;1;"auto"
"zf friedrichshafen";"zf friedrichshafen";"zf friedrichshafen";0;1;"auto"
"cadila healthcare";"cadila";"cadila";0;1;"auto"
"cipla";"cipla";"cipla";0;1;"auto"
"indian oil";"indian oil";"indian oil";0;1;"auto"
"infosys";"infosys";"infosys";0;1;"auto"
"konkan railway";"konkan railway";"konkan railway";0;1;"auto"
"ramco systems";"ramco";"ramco";0;1;"auto"
"sun pharmaceutical";"sun pharmaceutical";"sun pharmaceutical";0;1;"auto"
"tata consultancy services";"tata consultancy";"tata consultancy";0;1;"auto"
"wipro";"wipro";"wipro";0;1;"auto"
"landi renzo spa";"landi renzo";"landi renzo";0;1;"auto"
"magneti marelli";"magneti marelli";"magneti marelli";0;1;"auto"
"zambon spa";"zambon";"zambon";0;1;"auto"
"asml";"asml";"asml";0;1;"auto"
"thin film electronics asa";"thin film electronics asa";"thin film electronics asa";0;1;"auto"
"biotecnol";"biotecnol";"biotecnol";0;1;"auto"
"adcock ingram";"adcock ingram";"adcock ingram";0;1;"auto"
"sasol chemical";"sasol";"sasol";0;1;"auto"
"repsol";"repsol";"repsol";0;1;"auto"
"tecnicas reunidas";"tecnicas reunidas";"tecnicas reunidas";0;1;"auto"
"telefonica";"telefonica";"telefonica";0;1;"auto"
"enea software ab";"enea ab";"enea ab";0;1;"auto"
"höganäs ab";"hoganas ab";"hoganas ab";0;1;"auto"
"luxor ab";"luxor ab";"luxor ab";0;1;"auto"
"meda ab";"meda ab";"meda ab";0;1;"auto"
"mysql ab";"mysql ab";"mysql ab";0;1;"auto"
"trio ab";"trio ab";"trio ab";0;1;"auto"
"volvo trucks";"volvo trucks";"volvo trucks";0;1;"auto"
"actelion pharmaceuticals";"actelion";"actelion";0;1;"auto"
"alcon";"alcon";"alcon";0;1;"auto"
"allseas";"allseas";"allseas";0;1;"auto"
"also holding";"also";"also";0;1;"auto"
"basilea pharmaceutica";"basilea pharmaceutica";"basilea pharmaceutica";0;1;"auto"
"blancpain";"blancpain";"blancpain";0;1;"auto"
"bls";"bls";"bls";0;1;"auto"
"ciba specialty chemicals holding";"ciba specialty chemicals";"ciba specialty chemicals";0;1;"auto"
"clariant";"clariant";"clariant";0;1;"auto"
"firmenich";"firmenich";"firmenich";0;1;"auto"
"geberit";"geberit";"geberit";0;1;"auto"
"georg fischer";"georg fischer";"georg fischer";0;1;"auto"
"givaudan";"givaudan";"givaudan";0;1;"auto"
"hamilton medical";"hamilton";"hamilton";0;1;"auto"
"leica geosystems";"leica geosystems";"leica geosystems";0;1;"auto"
"lonza";"lonza";"lonza";0;1;"auto"
"manor";"manor";"manor";0;1;"auto"
"mettler toledo";"mettler toledo";"mettler toledo";0;1;"auto"
"mido";"mido";"mido";0;1;"auto"
"novartis";"novartis";"novartis";0;1;"auto"
"rieter";"rieter";"rieter";0;1;"auto"
"sig";"sig";"sig";0;1;"auto"
"sigg";"sigg";"sigg";0;1;"auto"
"sika";"sika";"sika";0;1;"auto"
"sonova";"sonova";"sonova";0;1;"auto"
"staubli";"staubli";"staubli";0;1;"auto"
"suva";"suva";"suva";0;1;"auto"
"swisscom";"swisscom";"swisscom";0;1;"auto"
"tecan";"tecan";"tecan";0;1;"auto"
"tissot";"tissot";"tissot";0;1;"auto"
"von roll holding";"von roll";"von roll";0;1;"auto"
"emirates";"emirates";"emirates";0;1;"auto"
"alvarion";"alvarion";"alvarion";0;1;"auto"
"audiocodes";"audiocodes";"audiocodes";0;1;"auto"
"biolinerx";"biolinerx";"biolinerx";0;1;"auto"
"compugen";"compugen";"compugen";0;1;"auto"
"conduit";"conduit";"conduit";0;1;"auto"
"cyberark software";"cyberark";"cyberark";0;1;"auto"
"elbit systems";"elbit";"elbit";0;1;"auto"
"elta systems";"elta";"elta";0;1;"auto"
"expand networks";"expand networks";"expand networks";0;1;"auto"
"gilat satellite networks";"gilat satellite networks";"gilat satellite networks";0;1;"auto"
"greensun energy";"greensun energy";"greensun energy";0;1;"auto"
"nice systems";"nice";"nice";0;1;"auto"
"nilit";"nilit";"nilit";0;1;"auto"
"objet geometries";"objet geometries";"objet geometries";0;1;"auto"
"orbotech";"orbotech";"orbotech";0;1;"auto"
"primesense";"primesense";"primesense";0;1;"auto"
"radvision";"radvision";"radvision";0;1;"auto"
"rafael armament development authority";"rafael armament development authority";"rafael armament development authority";0;1;"auto"
"tadiran";"tadiran";"tadiran";0;1;"auto"
"vocaltec";"vocaltec";"vocaltec";0;1;"auto"
"glaxo";"glaxo";"glaxo";0;1;"auto"
"ge healthcare";"ge";"ge";0;1;"auto"
"anglian water services";"anglian water";"anglian water";0;1;"auto"
"cambridge enterprise";"cambridge";"cambridge";0;1;"auto"
"zeneca";"zeneca";"zeneca";0;1;"auto"
"rover";"rover";"rover";0;1;"auto"
"bae systems";"bae";"bae";0;1;"auto"
"british aerospace";"british aerospace";"british aerospace";0;1;"auto"
"beecham";"beecham";"beecham";0;1;"auto"
"smithkline beecham";"smithkline beecham";"smithkline beecham";0;1;"auto"
"glaxosmithkline";"glaxosmithkline";"glaxosmithkline";0;1;"auto"
"vickers";"vickers";"vickers";0;1;"auto"
"south west water";"south west water";"south west water";0;1;"auto"
"british aluminium";"british aluminium";"british aluminium";0;1;"auto"
"british biotech pharmaceuticals";"british biotech";"british biotech";0;1;"auto"
"oxford medical systems";"oxford";"oxford";0;1;"auto"
"british gas";"british gas";"british gas";0;1;"auto"
"bg intellectual property";"bg";"bg";0;1;"auto"
"transco";"transco";"transco";0;1;"auto"
"bt";"bt";"bt";0;1;"auto"
"chiroscience";"chiroscience";"chiroscience";0;1;"auto"
"hanson";"hanson";"hanson";0;1;"auto"
"warwick";"warwick";"warwick";0;1;"auto"
"coral";"coral";"coral";0;1;"auto"
"boots healthcare";"boots";"boots";0;1;"auto"
"reckitt benckiser";"reckitt benckiser";"reckitt benckiser";0;1;"auto"
"thorn emi";"thorn emi";"thorn emi";0;1;"auto"
"galvani bioelectronics";"galvani bioelectronics";"galvani bioelectronics";0;1;"auto"
"lotus cars";"lotus cars";"lotus cars";0;1;"auto"
"gw pharma";"gw";"gw";0;1;"auto"
"yorkshire water services";"yorkshire water";"yorkshire water";0;1;"auto"
"sky medical";"sky";"sky";0;1;"auto"
"thames water";"thames water";"thames water";0;1;"auto"
"north west water";"north west water";"north west water";0;1;"auto"
"randox laboratories";"randox";"randox";0;1;"auto"
"southern water services";"southern water";"southern water";0;1;"auto"
"united utilities";"united utilities";"united utilities";0;1;"auto"
"vodafone";"vodafone";"vodafone";0;1;"auto"
"ppl";"ppl";"ppl";0;1;"auto"
"advantest";"advantest";"advantest";0;1;"auto"
"agc";"agc";"agc";0;1;"auto"
"aisin seiki";"aisin seiki";"aisin seiki";0;1;"auto"
"aiwa";"aiwa";"aiwa";0;1;"auto"
"ajinomoto";"ajinomoto";"ajinomoto";0;1;"auto"
"akebono brake industry";"akebono brake industry";"akebono brake industry";0;1;"auto"
"alps electric";"alps electric";"alps electric";0;1;"auto"
"alpine electronics";"alpine electronics";"alpine electronics";0;1;"auto"
"anritsu";"anritsu";"anritsu";0;1;"auto"
"aruze";"aruze";"aruze";0;1;"auto"
"asics";"asics";"asics";0;1;"auto"
"asahi kasei";"asahi kasei";"asahi kasei";0;1;"auto"
"astellas pharma";"astellas";"astellas";0;1;"auto"
"avex";"avex";"avex";0;1;"auto"
"namco bandai games";"namco bandai games";"namco bandai games";0;1;"auto"
"bridgestone";"bridgestone";"bridgestone";0;1;"auto"
"calsonic kansei";"calsonic kansei";"calsonic kansei";0;1;"auto"
"canon sales";"canon";"canon";0;1;"auto"
"capcom";"capcom";"capcom";0;1;"auto"
"cateye";"cateye";"cateye";0;1;"auto"
"chino";"chino";"chino";0;1;"auto"
"chisso";"chisso";"chisso";0;1;"auto"
"chiyoda";"chiyoda";"chiyoda";0;1;"auto"
"chubu electric power";"chubu electric power";"chubu electric power";0;1;"auto"
"citizen";"citizen";"citizen";0;1;"auto"
"dai nippon printing";"dai nippon printing";"dai nippon printing";0;1;"auto"
"daicel chemical";"daicel";"daicel";0;1;"auto"
"daiei chemical";"daiei";"daiei";0;1;"auto"
"daifuku";"daifuku";"daifuku";0;1;"auto"
"daiichi sankyo";"daiichi sankyo";"daiichi sankyo";0;1;"auto"
"daikyo chemical";"daikyo";"daikyo";0;1;"auto"
"dainippon sumitomo pharma";"dainippon sumitomo";"dainippon sumitomo";0;1;"auto"
"daiso";"daiso";"daiso";0;1;"auto"
"denka";"denka";"denka";0;1;"auto"
"denon";"denon";"denon";0;1;"auto"
"denso";"denso";"denso";0;1;"auto"
"dmg mori seiki";"dmg mori seiki";"dmg mori seiki";0;1;"auto"
"dome";"dome";"dome";0;1;"auto"
"dynic";"dynic";"dynic";0;1;"auto"
"ebara";"ebara";"ebara";0;1;"auto"
"eiken chemical";"eiken";"eiken";0;1;"auto"
"eisai";"eisai";"eisai";0;1;"auto"
"eizo";"eizo";"eizo";0;1;"auto"
"fanuc";"fanuc";"fanuc";0;1;"auto"
"fuji electric";"fuji electric";"fuji electric";0;1;"auto"
"fujifilm";"fujifilm";"fujifilm";0;1;"auto"
"fujimitsu";"fujimitsu";"fujimitsu";0;1;"auto"
"fujitec";"fujitec";"fujitec";0;1;"auto"
"fujitsu";"fujitsu";"fujitsu";0;1;"auto"
"furukawa electric";"furukawa electric";"furukawa electric";0;1;"auto"
"futaba";"futaba";"futaba";0;1;"auto"
"gs yuasa";"gs yuasa";"gs yuasa";0;1;"auto"
"hirose electric";"hirose electric";"hirose electric";0;1;"auto"
"hisamitsu pharmaceutical";"hisamitsu pharmaceutical";"hisamitsu pharmaceutical";0;1;"auto"
"hitachi";"hitachi";"hitachi";0;1;"auto"
"hks";"hks";"hks";0;1;"auto"
"horiba";"horiba";"horiba";0;1;"auto"
"hoshino gakki";"hoshino gakki";"hoshino gakki";0;1;"auto"
"hosiden";"hosiden";"hosiden";0;1;"auto"
"house foods";"house foods";"house foods";0;1;"auto"
"howa machinery";"howa machinery";"howa machinery";0;1;"auto"
"hoya";"hoya";"hoya";0;1;"auto"
"ibiden";"ibiden";"ibiden";0;1;"auto"
"icom";"icom";"icom";0;1;"auto"
"idemitsu kosan";"idemitsu kosan";"idemitsu kosan";0;1;"auto"
"index";"index";"index";0;1;"auto"
"inpex";"inpex";"inpex";0;1;"auto"
"iris ohyama";"iris ohyama";"iris ohyama";0;1;"auto"
"ishida";"ishida";"ishida";0;1;"auto"
"isuzu motors";"isuzu motors";"isuzu motors";0;1;"auto"
"jaleco";"jaleco";"jaleco";0;1;"auto"
"japan airlines";"japan airlines";"japan airlines";0;1;"auto"
"japan display";"japan display";"japan display";0;1;"auto"
"japan tobacco";"japan tobacco";"japan tobacco";0;1;"auto"
"jeol";"jeol";"jeol";0;1;"auto"
"jtb";"jtb";"jtb";0;1;"auto"
"jtekt";"jtekt";"jtekt";0;1;"auto"
"juki";"juki";"juki";0;1;"auto"
"jvckenwood";"jvckenwood";"jvckenwood";0;1;"auto"
"justsystems";"justsystems";"justsystems";0;1;"auto"
"kagome";"kagome";"kagome";0;1;"auto"
"kaneka";"kaneka";"kaneka";0;1;"auto"
"kansai paint";"kansai paint";"kansai paint";0;1;"auto"
"kao";"kao";"kao";0;1;"auto"
"kawai musical instruments manufacturing";"kawai musical instruments manufacturing";"kawai musical instruments manufacturing";0;1;"auto"
"kddi";"kddi";"kddi";0;1;"auto"
"keihin";"keihin";"keihin";0;1;"auto"
"keyence";"keyence";"keyence";0;1;"auto"
"kobe steel";"kobe steel";"kobe steel";0;1;"auto"
"kodansha";"kodansha";"kodansha";0;1;"auto"
"koei";"koei";"koei";0;1;"auto"
"konica minolta";"konica minolta";"konica minolta";0;1;"auto"
"kosé";"kose";"kose";0;1;"auto"
"kubota";"kubota";"kubota";0;1;"auto"
"kuraray";"kuraray";"kuraray";0;1;"auto"
"kureha";"kureha";"kureha";0;1;"auto"
"kyocera";"kyocera";"kyocera";0;1;"auto"
"kyb";"kyb";"kyb";0;1;"auto"
"mabuchi motor";"mabuchi motor";"mabuchi motor";0;1;"auto"
"maeda";"maeda";"maeda";0;1;"auto"
"marui";"marui";"marui";0;1;"auto"
"mazda";"mazda";"mazda";0;1;"auto"
"meiji dairies";"meiji dairies";"meiji dairies";0;1;"auto"
"meiji seika";"meiji seika";"meiji seika";0;1;"auto"
"mitsuba";"mitsuba";"mitsuba";0;1;"auto"
"mitsubishi chemical";"mitsubishi";"mitsubishi";0;1;"auto"
"mitsubishi motors";"mitsubishi motors";"mitsubishi motors";0;1;"auto"
"mitsubishi electric";"mitsubishi electric";"mitsubishi electric";0;1;"auto"
"mitsubishi gas chemical";"mitsubishi gas";"mitsubishi gas";0;1;"auto"
"mitsubishi materials";"mitsubishi materials";"mitsubishi materials";0;1;"auto"
"mitsui";"mitsui";"mitsui";0;1;"auto"
"mitsui chemicals";"mitsui chemicals";"mitsui chemicals";0;1;"auto"
"mitsui  shipbuilding";"mitsui  shipbuilding";"mitsui  shipbuilding";0;1;"auto"
"mitsumi electric";"mitsumi electric";"mitsumi electric";0;1;"auto"
"mitutoyo";"mitutoyo";"mitutoyo";0;1;"auto"
"miyata";"miyata";"miyata";0;1;"auto"
"mizuno";"mizuno";"mizuno";0;1;"auto"
"modec";"modec";"modec";0;1;"auto"
"murata manufacturing";"murata manufacturing";"murata manufacturing";0;1;"auto"
"nhk sales";"nhk";"nhk";0;1;"auto"
"nhk spring";"nhk spring";"nhk spring";0;1;"auto"
"nichia";"nichia";"nichia";0;1;"auto"
"nichirei";"nichirei";"nichirei";0;1;"auto"
"nidec";"nidec";"nidec";0;1;"auto"
"nihon dempa kogyo";"nihon dempa kogyo";"nihon dempa kogyo";0;1;"auto"
"nihon kohden";"nihon kohden";"nihon kohden";0;1;"auto"
"nec";"nec";"nec";0;1;"auto"
"nikken sekkei";"nikken sekkei";"nikken sekkei";0;1;"auto"
"nikon";"nikon";"nikon";0;1;"auto"
"nintendo";"nintendo";"nintendo";0;1;"auto"
"nippon cable";"nippon cable";"nippon cable";0;1;"auto"
"nippon flour mills";"nippon flour mills";"nippon flour mills";0;1;"auto"
"nippon light metal";"nippon light metal";"nippon light metal";0;1;"auto"
"nippon oil";"nippon oil";"nippon oil";0;1;"auto"
"nippon paint";"nippon paint";"nippon paint";0;1;"auto"
"nippon sheet glass";"nippon sheet glass";"nippon sheet glass";0;1;"auto"
"nippon soda";"nippon soda";"nippon soda";0;1;"auto"
"nipro";"nipro";"nipro";0;1;"auto"
"nissan chemical";"nissan";"nissan";0;1;"auto"
"nissan motors";"nissan motors";"nissan motors";0;1;"auto"
"nisshin steel";"nisshin steel";"nisshin steel";0;1;"auto"
"nissin electric";"nissin electric";"nissin electric";0;1;"auto"
"nissin foods";"nissin foods";"nissin foods";0;1;"auto"
"nissin kogyo";"nissin kogyo";"nissin kogyo";0;1;"auto"
"nitto boseki";"nitto boseki";"nitto boseki";0;1;"auto"
"nitto denko";"nitto denko";"nitto denko";0;1;"auto"
"nsk";"nsk";"nsk";0;1;"auto"
"ntn";"ntn";"ntn";0;1;"auto"
"ntt";"ntt";"ntt";0;1;"auto"
"ntt docomo";"ntt docomo";"ntt docomo";0;1;"auto"
"ohto";"ohto";"ohto";0;1;"auto"
"oki electric industry";"oki electric industry";"oki electric industry";0;1;"auto"
"okuma";"okuma";"okuma";0;1;"auto"
"olympus";"olympus";"olympus";0;1;"auto"
"omron";"omron";"omron";0;1;"auto"
"orient chemical";"orient";"orient";0;1;"auto"
"osaka gas";"osaka gas";"osaka gas";0;1;"auto"
"panasonic";"panasonic";"panasonic";0;1;"auto"
"pentax";"pentax";"pentax";0;1;"auto"
"pioneer";"pioneer";"pioneer";0;1;"auto"
"rakuten";"rakuten";"rakuten";0;1;"auto"
"rays";"rays";"rays";0;1;"auto"
"renesas electronics";"renesas electronics";"renesas electronics";0;1;"auto"
"ricoh";"ricoh";"ricoh";0;1;"auto"
"rinnai";"rinnai";"rinnai";0;1;"auto"
"riso kagaku";"riso kagaku";"riso kagaku";0;1;"auto"
"rohm";"rohm";"rohm";0;1;"auto"
"rubycon";"rubycon";"rubycon";0;1;"auto"
"ryobi";"ryobi";"ryobi";0;1;"auto"
"sanden";"sanden";"sanden";0;1;"auto"
"santen pharmaceutical";"santen pharmaceutical";"santen pharmaceutical";0;1;"auto"
"sanrio";"sanrio";"sanrio";0;1;"auto"
"sanyo chemical";"sanyo";"sanyo";0;1;"auto"
"sato pharmaceutical";"sato pharmaceutical";"sato pharmaceutical";0;1;"auto"
"secom";"secom";"secom";0;1;"auto"
"sega";"sega";"sega";0;1;"auto"
"seiko";"seiko";"seiko";0;1;"auto"
"seiko epson";"seiko epson";"seiko epson";0;1;"auto"
"shikoku electric power";"shikoku electric power";"shikoku electric power";0;1;"auto"
"shimano";"shimano";"shimano";0;1;"auto"
"shimadzu";"shimadzu";"shimadzu";0;1;"auto"
"shimizu";"shimizu";"shimizu";0;1;"auto"
"shinetsu chemical";"shinetsu";"shinetsu";0;1;"auto"
"shindengen electric manufacturing";"shindengen electric manufacturing";"shindengen electric manufacturing";0;1;"auto"
"shoei chemical";"shoei";"shoei";0;1;"auto"
"showa";"showa";"showa";0;1;"auto"
"smc";"smc";"smc";0;1;"auto"
"snow brand milk";"snow brand milk";"snow brand milk";0;1;"auto"
"sogo";"sogo";"sogo";0;1;"auto"
"sony";"sony";"sony";0;1;"auto"
"square enix";"square enix";"square enix";0;1;"auto"
"stanley electric";"stanley electric";"stanley electric";0;1;"auto"
"sumco";"sumco";"sumco";0;1;"auto"
"sumitomo chemical";"sumitomo";"sumitomo";0;1;"auto"
"sumitomo electric";"sumitomo electric";"sumitomo electric";0;1;"auto"
"sumitomo metal mining";"sumitomo metal mining";"sumitomo metal mining";0;1;"auto"
"sunrise associates";"sunrise";"sunrise";0;1;"auto"
"suntory";"suntory";"suntory";0;1;"auto"
"suzuki";"suzuki";"suzuki";0;1;"auto"
"taiheiyo cement";"taiheiyo cement";"taiheiyo cement";0;1;"auto"
"taisei";"taisei";"taisei";0;1;"auto"
"taisho pharmaceutical";"taisho pharmaceutical";"taisho pharmaceutical";0;1;"auto"
"taito";"taito";"taito";0;1;"auto"
"taiyo kogyo";"taiyo kogyo";"taiyo kogyo";0;1;"auto"
"taiyo yuden";"taiyo yuden";"taiyo yuden";0;1;"auto"
"takata";"takata";"takata";0;1;"auto"
"takeda pharmaceutical";"takeda pharmaceutical";"takeda pharmaceutical";0;1;"auto"
"tamiya";"tamiya";"tamiya";0;1;"auto"
"tdk";"tdk";"tdk";0;1;"auto"
"teac";"teac";"teac";0;1;"auto"
"teijin";"teijin";"teijin";0;1;"auto"
"tenyo";"tenyo";"tenyo";0;1;"auto"
"toa";"toa";"toa";0;1;"auto"
"toagosei";"toagosei";"toagosei";0;1;"auto"
"tohatsu";"tohatsu";"tohatsu";0;1;"auto"
"toho";"toho";"toho";0;1;"auto"
"toho zinc";"toho zinc";"toho zinc";0;1;"auto"
"tohoku electric power";"tohoku electric power";"tohoku electric power";0;1;"auto"
"tokuyama";"tokuyama";"tokuyama";0;1;"auto"
"tokyo electric power";"tokyo electric power";"tokyo electric power";0;1;"auto"
"tokyo electron";"tokyo electron";"tokyo electron";0;1;"auto"
"tokyo gas";"tokyo gas";"tokyo gas";0;1;"auto"
"tokyu";"tokyu";"tokyu";0;1;"auto"
"tomy";"tomy";"tomy";0;1;"auto"
"toppan printing";"toppan printing";"toppan printing";0;1;"auto"
"toray";"toray";"toray";0;1;"auto"
"toshiba medical systems";"toshiba";"toshiba";0;1;"auto"
"tosoh";"tosoh";"tosoh";0;1;"auto"
"toto";"toto";"toto";0;1;"auto"
"toyo";"toyo";"toyo";0;1;"auto"
"toyo seikan";"toyo seikan";"toyo seikan";0;1;"auto"
"toyota";"toyota";"toyota";0;1;"auto"
"toyota boshoku";"toyota boshoku";"toyota boshoku";0;1;"auto"
"toyota tsusho";"toyota tsusho";"toyota tsusho";0;1;"auto"
"trend micro";"trend micro";"trend micro";0;1;"auto"
"tsubakimoto chain";"tsubakimoto chain";"tsubakimoto chain";0;1;"auto"
"unitika";"unitika";"unitika";0;1;"auto"
"unicharm";"unicharm";"unicharm";0;1;"auto"
"wacom";"wacom";"wacom";0;1;"auto"
"yamabiko";"yamabiko";"yamabiko";0;1;"auto"
"yamaha";"yamaha";"yamaha";0;1;"auto"
"yamasa";"yamasa";"yamasa";0;1;"auto"
"yamamoto kogaku";"yamamoto kogaku";"yamamoto kogaku";0;1;"auto"
"yamazaki mazak";"yamazaki mazak";"yamazaki mazak";0;1;"auto"
"yaskawa electric";"yaskawa electric";"yaskawa electric";0;1;"auto"
"yazaki";"yazaki";"yazaki";0;1;"auto"
"ykk";"ykk";"ykk";0;1;"auto"
"yokogawa electric";"yokogawa electric";"yokogawa electric";0;1;"auto"
"yokomo";"yokomo";"yokomo";0;1;"auto"
"zebra";"zebra";"zebra";0;1;"auto"
"cas";"cas";"cas";0;1;"auto"
"cj";"cj";"cj";0;1;"auto"
"daelim";"daelim";"daelim";0;1;"auto"
"doosan";"doosan";"doosan";0;1;"auto"
"gs medical";"gs";"gs";0;1;"auto"
"hanwha chemical";"hanwha";"hanwha";0;1;"auto"
"humax";"humax";"humax";0;1;"auto"
"hyosung";"hyosung";"hyosung";0;1;"auto"
"hyundai";"hyundai";"hyundai";0;1;"auto"
"hyundai mobis";"hyundai mobis";"hyundai mobis";0;1;"auto"
"hyundai motor";"hyundai motor";"hyundai motor";0;1;"auto"
"hyundai wia";"hyundai wia";"hyundai wia";0;1;"auto"
"kcc";"kcc";"kcc";0;1;"auto"
"kia motors";"kia motors";"kia motors";0;1;"auto"
"kt";"kt";"kt";0;1;"auto"
"lg chemical";"lg";"lg";0;1;"auto"
"lg display";"lg display";"lg display";0;1;"auto"
"lg electronics";"lg electronics";"lg electronics";0;1;"auto"
"lotte chemical";"lotte";"lotte";0;1;"auto"
"nexon";"nexon";"nexon";0;1;"auto"
"nongshim";"nongshim";"nongshim";0;1;"auto"
"samsung";"samsung";"samsung";0;1;"auto"
"samsung electronics";"samsung electronics";"samsung electronics";0;1;"auto"
"samsung sds";"samsung sds";"samsung sds";0;1;"auto"
"sk innovation";"sk";"sk";0;1;"auto"
"sk hynix";"sk hynix";"sk hynix";0;1;"auto"
"sk telecom";"sk telecom";"sk telecom";0;1;"auto"
"taegutec";"taegutec";"taegutec";0;1;"auto"
"young chang chemical";"young chang";"young chang";0;1;"auto"
"au optronics";"au optronics";"au optronics";0;1;"auto"
"avision";"avision";"avision";0;1;"auto"
"benq";"benq";"benq";0;1;"auto"
"chi mei communication systems";"chi mei";"chi mei";0;1;"auto"
"chicony electronics";"chicony electronics";"chicony electronics";0;1;"auto"
"chroma ate";"chroma ate";"chroma ate";0;1;"auto"
"chunghwa telecom";"chunghwa telecom";"chunghwa telecom";0;1;"auto"
"compal electronics";"compal electronics";"compal electronics";0;1;"auto"
"delta electronics";"delta electronics";"delta electronics";0;1;"auto"
"everlight electronics";"everlight electronics";"everlight electronics";0;1;"auto"
"fareastone telecommunications";"fareastone";"fareastone";0;1;"auto"
"foxconn";"foxconn";"foxconn";0;1;"auto"
"global unichip";"global unichip";"global unichip";0;1;"auto"
"hannstar display";"hannstar display";"hannstar display";0;1;"auto"
"infortrend";"infortrend";"infortrend";0;1;"auto"
"innolux";"innolux";"innolux";0;1;"auto"
"inventec";"inventec";"inventec";0;1;"auto"
"mediatek";"mediatek";"mediatek";0;1;"auto"
"mitac";"mitac";"mitac";0;1;"auto"
"mstar semiconductor";"mstar semiconductor";"mstar semiconductor";0;1;"auto"
"mustek systems";"mustek";"mustek";0;1;"auto"
"nuvoton";"nuvoton";"nuvoton";0;1;"auto"
"pou chen";"pou chen";"pou chen";0;1;"auto"
"powerchip semiconductor";"powerchip semiconductor";"powerchip semiconductor";0;1;"auto"
"quanta computer";"quanta computer";"quanta computer";0;1;"auto"
"silicon integrated systems";"silicon integrated";"silicon integrated";0;1;"auto"
"taiwan sugar";"taiwan sugar";"taiwan sugar";0;1;"auto"
"tecom";"tecom";"tecom";0;1;"auto"
"thermaltake";"thermaltake";"thermaltake";0;1;"auto"
"united microelectronics";"united microelectronics";"united microelectronics";0;1;"auto"
"wistron";"wistron";"wistron";0;1;"auto"
"molinos rio de la plata";"molinos rio de la plata";"molinos rio de la plata";0;1;"auto"
"ypf";"ypf";"ypf";0;1;"auto"
"amcor";"amcor";"amcor";0;1;"auto"
"aristocrat leisure";"aristocrat leisure";"aristocrat leisure";0;1;"auto"
"aurizon operations";"aurizon";"aurizon";0;1;"auto"
"bae systems australia";"bae australia";"bae australia";0;1;"auto"
"chemeq";"chemeq";"chemeq";0;1;"auto"
"ergon energy";"ergon energy";"ergon energy";0;1;"auto"
"florigene";"florigene";"florigene";0;1;"auto"
"goodman fielder";"goodman fielder";"goodman fielder";0;1;"auto"
"incitec pivot";"incitec pivot";"incitec pivot";0;1;"auto"
"macquarie";"macquarie";"macquarie";0;1;"auto"
"metal storm";"metal storm";"metal storm";0;1;"auto"
"nufarm";"nufarm";"nufarm";0;1;"auto"
"orocobre";"orocobre";"orocobre";0;1;"auto"
"pipe networks";"pipe networks";"pipe networks";0;1;"auto"
"queensland rail";"queensland rail";"queensland rail";0;1;"auto"
"santos";"santos";"santos";0;1;"auto"
"stanwell";"stanwell";"stanwell";0;1;"auto"
"sydney water";"sydney water";"sydney water";0;1;"auto"
"transurban";"transurban";"transurban";0;1;"auto"
"aht cooling systems";"aht cooling";"aht cooling";0;1;"auto"
"andritz";"andritz";"andritz";0;1;"auto"
"bene";"bene";"bene";0;1;"auto"
"cisc semiconductor";"cisc semiconductor";"cisc semiconductor";0;1;"auto"
"delfortgroup";"delfortgroup";"delfortgroup";0;1;"auto"
"doka";"doka";"doka";0;1;"auto"
"frequentis";"frequentis";"frequentis";0;1;"auto"
"ge jenbacher";"ge jenbacher";"ge jenbacher";0;1;"auto"
"kapsch";"kapsch";"kapsch";0;1;"auto"
"ktm";"ktm";"ktm";0;1;"auto"
"omv";"omv";"omv";0;1;"auto"
"onepharm";"onepharm";"onepharm";0;1;"auto"
"plansee";"plansee";"plansee";0;1;"auto"
"red bull";"red bull";"red bull";0;1;"auto"
"rhi";"rhi";"rhi";0;1;"auto"
"rosenbauer";"rosenbauer";"rosenbauer";0;1;"auto"
"steyr motors";"steyr motors";"steyr motors";0;1;"auto"
"strabag";"strabag";"strabag";0;1;"auto"
"swarovski";"swarovski";"swarovski";0;1;"auto"
"telekom austria";"telekom austria";"telekom austria";0;1;"auto"
"wienerberger";"wienerberger";"wienerberger";0;1;"auto"
"aveve";"aveve";"aveve";0;1;"auto"
"barco";"barco";"barco";0;1;"auto"
"base";"base";"base";0;1;"auto"
"bekaert";"bekaert";"bekaert";0;1;"auto"
"cockerill sambre";"cockerill sambre";"cockerill sambre";0;1;"auto"
"carmeuse";"carmeuse";"carmeuse";0;1;"auto"
"eurogentec";"eurogentec";"eurogentec";0;1;"auto"
"evs broadcast equipment";"evs broadcast equipment";"evs broadcast equipment";0;1;"auto"
"imec";"imec";"imec";0;1;"auto"
"imperia automobiles";"imperia automobiles";"imperia automobiles";0;1;"auto"
"innogenetics";"innogenetics";"innogenetics";0;1;"auto"
"katoen natie";"katoen natie";"katoen natie";0;1;"auto"
"option nv";"option nv";"option nv";0;1;"auto"
"soudal";"soudal";"soudal";0;1;"auto"
"van genechten packaging";"van genechten packaging";"van genechten packaging";0;1;"auto"
"zetes";"zetes";"zetes";0;1;"auto"
"ambev";"ambev";"ambev";0;1;"auto"
"aracruz celulose";"aracruz celulose";"aracruz celulose";0;1;"auto"
"banco bradesco";"banco bradesco";"banco bradesco";0;1;"auto"
"duratex";"duratex";"duratex";0;1;"auto"
"embraer";"embraer";"embraer";0;1;"auto"
"embrapa";"embrapa";"embrapa";0;1;"auto"
"hypermarcas";"hypermarcas";"hypermarcas";0;1;"auto"
"itautec";"itautec";"itautec";0;1;"auto"
"jbs";"jbs";"jbs";0;1;"auto"
"marcopolo";"marcopolo";"marcopolo";0;1;"auto"
"petrobras";"petrobras";"petrobras";0;1;"auto"
"suzano papel e celulose";"suzano papel e celulose";"suzano papel e celulose";0;1;"auto"
"vale";"vale";"vale";0;1;"auto"
"angoss software";"angoss";"angoss";0;1;"auto"
"apotex";"apotex";"apotex";0;1;"auto"
"areva resources canada";"areva resources canada";"areva resources canada";0;1;"auto"
"barrick gold";"barrick gold";"barrick gold";0;1;"auto"
"bell canada";"bell canada";"bell canada";0;1;"auto"
"blue giant equipment";"blue giant equipment";"blue giant equipment";0;1;"auto"
"boeing canada";"boeing canada";"boeing canada";0;1;"auto"
"canadian light source";"canadian light source";"canadian light source";0;1;"auto"
"canadian natural resources";"canadian natural resources";"canadian natural resources";0;1;"auto"
"canadian oil sands";"canadian oil sands";"canadian oil sands";0;1;"auto"
"canadian tire";"canadian tire";"canadian tire";0;1;"auto"
"cargill";"cargill";"cargill";0;1;"auto"
"catalyst paper";"catalyst paper";"catalyst paper";0;1;"auto"
"celestica";"celestica";"celestica";0;1;"auto"
"cenovus energy";"cenovus energy";"cenovus energy";0;1;"auto"
"colt canada";"colt canada";"colt canada";0;1;"auto"
"dofasco";"dofasco";"dofasco";0;1;"auto"
"dominion voting systems";"dominion voting";"dominion voting";0;1;"auto"
"dynamotive energy systems";"dynamotive energy";"dynamotive energy";0;1;"auto"
"elastic path software";"elastic path";"elastic path";0;1;"auto"
"electrohome";"electrohome";"electrohome";0;1;"auto"
"enbridge";"enbridge";"enbridge";0;1;"auto"
"encana";"encana";"encana";0;1;"auto"
"esprida";"esprida";"esprida";0;1;"auto"
"falconbridge";"falconbridge";"falconbridge";0;1;"auto"
"finning";"finning";"finning";0;1;"auto"
"geosoft";"geosoft";"geosoft";0;1;"auto"
"goldcorp";"goldcorp";"goldcorp";0;1;"auto"
"guestlogix";"guestlogix";"guestlogix";0;1;"auto"
"halogen software";"halogen";"halogen";0;1;"auto"
"imperial oil";"imperial oil";"imperial oil";0;1;"auto"
"intertape polymer";"intertape polymer";"intertape polymer";0;1;"auto"
"irving oil";"irving oil";"irving oil";0;1;"auto"
"keycafe";"keycafe";"keycafe";0;1;"auto"
"kinaxis";"kinaxis";"kinaxis";0;1;"auto"
"linamar";"linamar";"linamar";0;1;"auto"
"london drugs";"london drugs";"london drugs";0;1;"auto"
"lystek";"lystek";"lystek";0;1;"auto"
"manitoba hydro";"manitoba hydro";"manitoba hydro";0;1;"auto"
"maple leaf foods";"maple leaf foods";"maple leaf foods";0;1;"auto"
"mccain foods";"mccain foods";"mccain foods";0;1;"auto"
"nexen";"nexen";"nexen";0;1;"auto"
"nordion";"nordion";"nordion";0;1;"auto"
"nova chemicals";"nova chemicals";"nova chemicals";0;1;"auto"
"ontario lottery and gaming";"ontario lottery and gaming";"ontario lottery and gaming";0;1;"auto"
"packers plus energy services";"packers plus energy";"packers plus energy";0;1;"auto"
"painceptor pharma";"painceptor";"painceptor";0;1;"auto"
"palliser furniture";"palliser furniture";"palliser furniture";0;1;"auto"
"paramount resources";"paramount resources";"paramount resources";0;1;"auto"
"parmalat canada";"parmalat canada";"parmalat canada";0;1;"auto"
"pollard banknote";"pollard banknote";"pollard banknote";0;1;"auto"
"prevost car";"prevost car";"prevost car";0;1;"auto"
"protecode";"protecode";"protecode";0;1;"auto"
"purolator courier";"purolator courier";"purolator courier";0;1;"auto"
"quester tangent";"quester tangent";"quester tangent";0;1;"auto"
"rogers communications";"rogers communications";"rogers communications";0;1;"auto"
"royal bank of canada";"royal bank of canada";"royal bank of canada";0;1;"auto"
"sandvine";"sandvine";"sandvine";0;1;"auto"
"saskatchewan minerals";"saskatchewan minerals";"saskatchewan minerals";0;1;"auto"
"sasktel";"sasktel";"sasktel";0;1;"auto"
"sepro mineral systems";"sepro mineral";"sepro mineral";0;1;"auto"
"shell canada";"shell canada";"shell canada";0;1;"auto"
"sierra wireless";"sierra wireless";"sierra wireless";0;1;"auto"
"sifto canada";"sifto canada";"sifto canada";0;1;"auto"
"stelco";"stelco";"stelco";0;1;"auto"
"suncor energy";"suncor energy";"suncor energy";0;1;"auto"
"teck resources";"teck resources";"teck resources";0;1;"auto"
"teledyne dalsa";"teledyne dalsa";"teledyne dalsa";0;1;"auto"
"telus";"telus";"telus";0;1;"auto"
"tembec";"tembec";"tembec";0;1;"auto"
"tm4";"tm4";"tm4";0;1;"auto"
"tolko";"tolko";"tolko";0;1;"auto"
"west fraser timber";"west fraser timber";"west fraser timber";0;1;"auto"
"celulosa arauco y constitucion";"celulosa arauco y constitucion";"celulosa arauco y constitucion";0;1;"auto"
"baidu";"baidu";"baidu";0;1;"auto"
"bank of communications";"bank of communications";"bank of communications";0;1;"auto"
"bosideng";"bosideng";"bosideng";0;1;"auto"
"chery automobile";"chery automobile";"chery automobile";0;1;"auto"
"citic";"citic";"citic";0;1;"auto"
"dongfeng motor";"dongfeng motor";"dongfeng motor";0;1;"auto"
"feicheng acid chemicals";"feicheng acid chemicals";"feicheng acid chemicals";0;1;"auto"
"haier";"haier";"haier";0;1;"auto"
"hefei meiling";"hefei meiling";"hefei meiling";0;1;"auto"
"hisense";"hisense";"hisense";0;1;"auto"
"hisilicon";"hisilicon";"hisilicon";0;1;"auto"
"hytera communication";"hytera";"hytera";0;1;"auto"
"joyoung";"joyoung";"joyoung";0;1;"auto"
"meizu";"meizu";"meizu";0;1;"auto"
"midea";"midea";"midea";0;1;"auto"
"saic motor";"saic motor";"saic motor";0;1;"auto"
"suntech power";"suntech power";"suntech power";0;1;"auto"
"tencent";"tencent";"tencent";0;1;"auto"
"zte";"zte";"zte";0;1;"auto"
"ecopetrol";"ecopetrol";"ecopetrol";0;1;"auto"
"chr hansen";"chr hansen";"chr hansen";0;1;"auto"
"coloplast";"coloplast";"coloplast";0;1;"auto"
"danfoss";"danfoss";"danfoss";0;1;"auto"
"haldor topsoe";"haldor topsoe";"haldor topsoe";0;1;"auto"
"leo pharmaceuticals";"leo";"leo";0;1;"auto"
"novozymes";"novozymes";"novozymes";0;1;"auto"
"ahlstrom";"ahlstrom";"ahlstrom";0;1;"auto"
"altia";"altia";"altia";0;1;"auto"
"basware";"basware";"basware";0;1;"auto"
"codenomicon";"codenomicon";"codenomicon";0;1;"auto"
"fiskars";"fiskars";"fiskars";0;1;"auto"
"fortum";"fortum";"fortum";0;1;"auto"
"kone";"kone";"kone";0;1;"auto"
"konecranes";"konecranes";"konecranes";0;1;"auto"
"metso";"metso";"metso";0;1;"auto"
"neste";"neste";"neste";0;1;"auto"
"nokia networks";"nokia networks";"nokia networks";0;1;"auto"
"nokian tyres";"nokian tyres";"nokian tyres";0;1;"auto"
"raisio";"raisio";"raisio";0;1;"auto"
"rovio entertainment";"rovio entertainment";"rovio entertainment";0;1;"auto"
"ssh communications security";"ssh communications security";"ssh communications security";0;1;"auto"
"stonesoft";"stonesoft";"stonesoft";0;1;"auto"
"suominen";"suominen";"suominen";0;1;"auto"
"valio";"valio";"valio";0;1;"auto"
"valmet automotive";"valmet automotive";"valmet automotive";0;1;"auto"
"valtra";"valtra";"valtra";0;1;"auto"
"altran";"altran";"altran";0;1;"auto"
"arianespace";"arianespace";"arianespace";0;1;"auto"
"baccarat";"baccarat";"baccarat";0;1;"auto"
"bollore";"bollore";"bollore";0;1;"auto"
"bouygues telecom";"bouygues telecom";"bouygues telecom";0;1;"auto"
"bouygues";"bouygues";"bouygues";0;1;"auto"
"buzzinbees";"buzzinbees";"buzzinbees";0;1;"auto"
"carrefour";"carrefour";"carrefour";0;1;"auto"
"chanel";"chanel";"chanel";0;1;"auto"
"chantelle";"chantelle";"chantelle";0;1;"auto"
"credit lyonnais";"credit lyonnais";"credit lyonnais";0;1;"auto"
"criteo";"criteo";"criteo";0;1;"auto"
"danone";"danone";"danone";0;1;"auto"
"dassault aviation";"dassault aviation";"dassault aviation";0;1;"auto"
"dassault systems";"dassault";"dassault";0;1;"auto"
"diptyque";"diptyque";"diptyque";0;1;"auto"
"electricité de france edf";"electricite de france edf";"electricite de france edf";0;1;"auto"
"elf aquitaine";"elf aquitaine";"elf aquitaine";0;1;"auto"
"essilor";"essilor";"essilor";0;1;"auto"
"eutelsat";"eutelsat";"eutelsat";0;1;"auto"
"fnac";"fnac";"fnac";0;1;"auto"
"free";"free";"free";0;1;"auto"
"hermes";"hermes";"hermes";0;1;"auto"
"la poste";"la poste";"la poste";0;1;"auto"
"lacoste";"lacoste";"lacoste";0;1;"auto"
"lafarge";"lafarge";"lafarge";0;1;"auto"
"louis vuitton";"louis vuitton";"louis vuitton";0;1;"auto"
"michelin";"michelin";"michelin";0;1;"auto"
"nicox";"nicox";"nicox";0;1;"auto"
"orange";"orange";"orange";0;1;"auto"
"oxbow";"oxbow";"oxbow";0;1;"auto"
"pernod ricard";"pernod ricard";"pernod ricard";0;1;"auto"
"renault";"renault";"renault";0;1;"auto"
"sanofi";"sanofi";"sanofi";0;1;"auto"
"sephora";"sephora";"sephora";0;1;"auto"
"sigfox";"sigfox";"sigfox";0;1;"auto"
"suez";"suez";"suez";0;1;"auto"
"vinci";"vinci";"vinci";0;1;"auto"
"yoplait";"yoplait";"yoplait";0;1;"auto"
"aral";"aral";"aral";0;1;"auto"
"arburg";"arburg";"arburg";0;1;"auto"
"aurubis";"aurubis";"aurubis";0;1;"auto"
"axel springer";"axel springer";"axel springer";0;1;"auto"
"bahlsen kg";"bahlsen";"bahlsen";0;1;"auto"
"baywa";"baywa";"baywa";0;1;"auto"
"bbs kraftfahrzeugtechnik";"bbs kraftfahrzeugtechnik";"bbs kraftfahrzeugtechnik";0;1;"auto"
"behringer";"behringer";"behringer";0;1;"auto"
"bellevue investments";"bellevue investments";"bellevue investments";0;1;"auto"
"bertelsmann";"bertelsmann";"bertelsmann";0;1;"auto"
"beyerdynamic";"beyerdynamic";"beyerdynamic";0;1;"auto"
"bilfinger";"bilfinger";"bilfinger";0;1;"auto"
"birkenstock sales";"birkenstock";"birkenstock";0;1;"auto"
"blaupunkt";"blaupunkt";"blaupunkt";0;1;"auto"
"bomag";"bomag";"bomag";0;1;"auto"
"brabus";"brabus";"brabus";0;1;"auto"
"brenntag holding";"brenntag";"brenntag";0;1;"auto"
"carl walther";"carl walther";"carl walther";0;1;"auto"
"commerzbank";"commerzbank";"commerzbank";0;1;"auto"
"covestro";"covestro";"covestro";0;1;"auto"
"deutsche bahn";"deutsche bahn";"deutsche bahn";0;1;"auto"
"deutsche bank";"deutsche bank";"deutsche bank";0;1;"auto"
"deutsche post";"deutsche post";"deutsche post";0;1;"auto"
"deutz";"deutz";"deutz";0;1;"auto"
"diehl aerospace";"diehl aerospace";"diehl aerospace";0;1;"auto"
"edding";"edding";"edding";0;1;"auto"
"enocean";"enocean";"enocean";0;1;"auto"
"ferrostaal";"ferrostaal";"ferrostaal";0;1;"auto"
"fischertechnik";"fischertechnik";"fischertechnik";0;1;"auto"
"fissler";"fissler";"fissler";0;1;"auto"
"fraport";"fraport";"fraport";0;1;"auto"
"frosta";"frosta";"frosta";0;1;"auto"
"fuchs petrolub";"fuchs petrolub";"fuchs petrolub";0;1;"auto"
"gebrüder thonet";"gebruder thonet";"gebruder thonet";0;1;"auto"
"gpc biotech";"gpc biotech";"gpc biotech";0;1;"auto"
"grundig";"grundig";"grundig";0;1;"auto"
"heidelbergcement";"heidelbergcement";"heidelbergcement";0;1;"auto"
"hochtief";"hochtief";"hochtief";0;1;"auto"
"jenoptik";"jenoptik";"jenoptik";0;1;"auto"
"karcher";"karcher";"karcher";0;1;"auto"
"leica camera";"leica camera";"leica camera";0;1;"auto"
"leoni";"leoni";"leoni";0;1;"auto"
"lindauer dornier";"lindauer dornier";"lindauer dornier";0;1;"auto"
"loewe";"loewe";"loewe";0;1;"auto"
"lufthansa systems";"lufthansa";"lufthansa";0;1;"auto"
"meyer werft";"meyer werft";"meyer werft";0;1;"auto"
"nero";"nero";"nero";0;1;"auto"
"nordzucker";"nordzucker";"nordzucker";0;1;"auto"
"osram";"osram";"osram";0;1;"auto"
"otto bock healthcare";"otto bock";"otto bock";0;1;"auto"
"phoenix contact";"phoenix contact";"phoenix contact";0;1;"auto"
"ptv";"ptv";"ptv";0;1;"auto"
"putzmeister";"putzmeister";"putzmeister";0;1;"auto"
"rehau";"rehau";"rehau";0;1;"auto"
"rimowa";"rimowa";"rimowa";0;1;"auto"
"salzgitter";"salzgitter";"salzgitter";0;1;"auto"
"sap se";"sap se";"sap se";0;1;"auto"
"schmitz cargobull";"schmitz cargobull";"schmitz cargobull";0;1;"auto"
"sew eurodrive";"sew eurodrive";"sew eurodrive";0;1;"auto"
"sgl carbon";"sgl carbon";"sgl carbon";0;1;"auto"
"sig sauer";"sig sauer";"sig sauer";0;1;"auto"
"skysails";"skysails";"skysails";0;1;"auto"
"smart";"smart";"smart";0;1;"auto"
"solarworld";"solarworld";"solarworld";0;1;"auto"
"sortimo";"sortimo";"sortimo";0;1;"auto"
"symrise";"symrise";"symrise";0;1;"auto"
"tchibo";"tchibo";"tchibo";0;1;"auto"
"telefunken";"telefunken";"telefunken";0;1;"auto"
"tetra";"tetra";"tetra";0;1;"auto"
"the linde";"the linde";"the linde";0;1;"auto"
"trumpf";"trumpf";"trumpf";0;1;"auto"
"ultrasone";"ultrasone";"ultrasone";0;1;"auto"
"vector informatik";"vector informatik";"vector informatik";0;1;"auto"
"viessmann";"viessmann";"viessmann";0;1;"auto"
"voith";"voith";"voith";0;1;"auto"
"wago kontakttechnik";"wago kontakttechnik";"wago kontakttechnik";0;1;"auto"
"wera werk hermann werner";"wera werk hermann werner";"wera werk hermann werner";0;1;"auto"
"wittenstein";"wittenstein";"wittenstein";0;1;"auto"
"intralot";"intralot";"intralot";0;1;"auto"
"lavipharm";"lavipharm";"lavipharm";0;1;"auto"
"vianex";"vianex";"vianex";0;1;"auto"
"graphisoft";"graphisoft";"graphisoft";0;1;"auto"
"magyar telekom";"magyar telekom";"magyar telekom";0;1;"auto"
"tungsram";"tungsram";"tungsram";0;1;"auto"
"arvind";"arvind";"arvind";0;1;"auto"
"asian paints";"asian paints";"asian paints";0;1;"auto"
"bajaj auto";"bajaj auto";"bajaj auto";0;1;"auto"
"bharat forge";"bharat forge";"bharat forge";0;1;"auto"
"bharat heavy electricals";"bharat heavy electricals";"bharat heavy electricals";0;1;"auto"
"bharat petroleum";"bharat petroleum";"bharat petroleum";0;1;"auto"
"biocon";"biocon";"biocon";0;1;"auto"
"crompton greaves";"crompton greaves";"crompton greaves";0;1;"auto"
"dabur pharma";"dabur";"dabur";0;1;"auto"
"emcure pharmaceuticals";"emcure";"emcure";0;1;"auto"
"engineers india";"engineers india";"engineers india";0;1;"auto"
"glenmark pharmaceuticals";"glenmark";"glenmark";0;1;"auto"
"hawkins cookers";"hawkins cookers";"hawkins cookers";0;1;"auto"
"hindustan petroleum";"hindustan petroleum";"hindustan petroleum";0;1;"auto"
"hindustan zinc";"hindustan zinc";"hindustan zinc";0;1;"auto"
"itc";"itc";"itc";0;1;"auto"
"jain irrigation systems";"jain irrigation";"jain irrigation";0;1;"auto"
"jsw steel";"jsw steel";"jsw steel";0;1;"auto"
"lakshmi machine works";"lakshmi machine works";"lakshmi machine works";0;1;"auto"
"mindtree";"mindtree";"mindtree";0;1;"auto"
"mphasis";"mphasis";"mphasis";0;1;"auto"
"niit";"niit";"niit";0;1;"auto"
"oil india";"oil india";"oil india";0;1;"auto"
"persistent systems";"persistent";"persistent";0;1;"auto"
"piramal enterprises";"piramal enterprises";"piramal enterprises";0;1;"auto"
"praj";"praj";"praj";0;1;"auto"
"ranbaxy laboratories";"ranbaxy";"ranbaxy";0;1;"auto"
"reliance";"reliance";"reliance";0;1;"auto"
"steel authority of india";"steel authority of india";"steel authority of india";0;1;"auto"
"sun pharmaceuticals";"sun";"sun";0;1;"auto"
"synthite";"synthite";"synthite";0;1;"auto"
"tata chemicals";"tata chemicals";"tata chemicals";0;1;"auto"
"tata global beverages";"tata global beverages";"tata global beverages";0;1;"auto"
"tata motors";"tata motors";"tata motors";0;1;"auto"
"tata steel";"tata steel";"tata steel";0;1;"auto"
"tech mahindra";"tech mahindra";"tech mahindra";0;1;"auto"
"thermax";"thermax";"thermax";0;1;"auto"
"torrent pharmaceuticals";"torrent";"torrent";0;1;"auto"
"ttk prestige";"ttk prestige";"ttk prestige";0;1;"auto"
"welspun india";"welspun india";"welspun india";0;1;"auto"
"agip spa";"agip";"agip";0;1;"auto"
"alenia aermacchi spa";"alenia aermacchi";"alenia aermacchi";0;1;"auto"
"alpinestars spa";"alpinestars";"alpinestars";0;1;"auto"
"cassina spa";"cassina";"cassina";0;1;"auto"
"comau spa";"comau";"comau";0;1;"auto"
"fedrigoni spa";"fedrigoni";"fedrigoni";0;1;"auto"
"ferrari spa";"ferrari";"ferrari";0;1;"auto"
"fiocchi munizioni spa";"fiocchi munizioni";"fiocchi munizioni";0;1;"auto"
"italcementi";"italcementi";"italcementi";0;1;"auto"
"la sportiva spa";"la sportiva";"la sportiva";0;1;"auto"
"lagostina spa";"lagostina";"lagostina";0;1;"auto"
"laverda spa";"laverda";"laverda";0;1;"auto"
"moto guzzi spa";"moto guzzi";"moto guzzi";0;1;"auto"
"nardi spa";"nardi";"nardi";0;1;"auto"
"nordica spa";"nordica";"nordica";0;1;"auto"
"oto melara spa";"oto melara";"oto melara";0;1;"auto"
"pininfarina spa";"pininfarina";"pininfarina";0;1;"auto"
"selex es spa";"selex es";"selex es";0;1;"auto"
"soilmec spa";"soilmec";"soilmec";0;1;"auto"
"misc berhad";"misc berhad";"misc berhad";0;1;"auto"
"ocp";"ocp";"ocp";0;1;"auto"
"avebe";"avebe";"avebe";0;1;"auto"
"dsm";"dsm";"dsm";0;1;"auto"
"heerema marine contractors";"heerema marine contractors";"heerema marine contractors";0;1;"auto"
"nxp semiconductors";"nxp semiconductors";"nxp semiconductors";0;1;"auto"
"oce";"oce";"oce";0;1;"auto"
"philips";"philips";"philips";0;1;"auto"
"wavin";"wavin";"wavin";0;1;"auto"
"air new zealand";"air new zealand";"air new zealand";0;1;"auto"
"bank of new zealand";"bank of new zealand";"bank of new zealand";0;1;"auto"
"eurekster";"eurekster";"eurekster";0;1;"auto"
"fletcher challenge";"fletcher challenge";"fletcher challenge";0;1;"auto"
"fletcher building";"fletcher building";"fletcher building";0;1;"auto"
"macpac wilderness equipment";"macpac wilderness equipment";"macpac wilderness equipment";0;1;"auto"
"pacific edge";"pacific edge";"pacific edge";0;1;"auto"
"rakon";"rakon";"rakon";0;1;"auto"
"norsk hydro";"norsk hydro";"norsk hydro";0;1;"auto"
"statoil";"statoil";"statoil";0;1;"auto"
"tine";"tine";"tine";0;1;"auto"
"san miguel";"san miguel";"san miguel";0;1;"auto"
"smart communications";"smart communications";"smart communications";0;1;"auto"
"grupa azoty";"grupa azoty";"grupa azoty";0;1;"auto"
"grupa lotos";"grupa lotos";"grupa lotos";0;1;"auto"
"orange polska";"orange polska";"orange polska";0;1;"auto"
"rasgas";"rasgas";"rasgas";0;1;"auto"
"airtricity";"airtricity";"airtricity";0;1;"auto"
"bord na mona";"bord na mona";"bord na mona";0;1;"auto"
"openet";"openet";"openet";0;1;"auto"
"paddy power";"paddy power";"paddy power";0;1;"auto"
"vodafone ireland";"vodafone ireland";"vodafone ireland";0;1;"auto"
"samba financial";"samba financial";"samba financial";0;1;"auto"
"saudi aramco";"saudi aramco";"saudi aramco";0;1;"auto"
"saudi oger";"saudi oger";"saudi oger";0;1;"auto"
"singapore airlines";"singapore airlines";"singapore airlines";0;1;"auto"
"starhub";"starhub";"starhub";0;1;"auto"
"anglo american platinum";"anglo american platinum";"anglo american platinum";0;1;"auto"
"eskom";"eskom";"eskom";0;1;"auto"
"illovo sugar";"illovo sugar";"illovo sugar";0;1;"auto"
"telkom";"telkom";"telkom";0;1;"auto"
"tongaat hulett";"tongaat hulett";"tongaat hulett";0;1;"auto"
"transnet";"transnet";"transnet";0;1;"auto"
"acerinox";"acerinox";"acerinox";0;1;"auto"
"almirall";"almirall";"almirall";0;1;"auto"
"astilleros y talleres del noroeste";"astilleros y talleres del noroeste";"astilleros y talleres del noroeste";0;1;"auto"
"balay";"balay";"balay";0;1;"auto"
"bankinter";"bankinter";"bankinter";0;1;"auto"
"compañía logística de hidrocarburos clh";"compania logistica de hidrocarburos clh";"compania logistica de hidrocarburos clh";0;1;"auto"
"festina";"festina";"festina";0;1;"auto"
"fomento de construcciones y contratas";"fomento de construcciones y contratas";"fomento de construcciones y contratas";0;1;"auto"
"grupo antolin";"grupo antolin";"grupo antolin";0;1;"auto"
"iberdrola";"iberdrola";"iberdrola";0;1;"auto"
"indra sistemas";"indra sistemas";"indra sistemas";0;1;"auto"
"majorica";"majorica";"majorica";0;1;"auto"
"natraceutical";"natraceutical";"natraceutical";0;1;"auto"
"pescanova";"pescanova";"pescanova";0;1;"auto"
"porcelanosa";"porcelanosa";"porcelanosa";0;1;"auto"
"red eléctrica de espana";"red electrica de espana";"red electrica de espana";0;1;"auto"
"seat";"seat";"seat";0;1;"auto"
"uralita";"uralita";"uralita";0;1;"auto"
"alfa laval";"alfa laval";"alfa laval";0;1;"auto"
"abb";"abb";"abb";0;1;"auto"
"astra ab";"astra ab";"astra ab";0;1;"auto"
"atlet ab";"atlet ab";"atlet ab";0;1;"auto"
"boliden ab";"boliden ab";"boliden ab";0;1;"auto"
"bona ab";"bona ab";"bona ab";0;1;"auto"
"delaval holding";"delaval";"delaval";0;1;"auto"
"electrolux";"electrolux";"electrolux";0;1;"auto"
"elekta";"elekta";"elekta";0;1;"auto"
"ericsson";"ericsson";"ericsson";0;1;"auto"
"expander system sweden ab";"expander system sweden ab";"expander system sweden ab";0;1;"auto"
"husqvarna";"husqvarna";"husqvarna";0;1;"auto"
"imint image intelligence ab";"imint image intelligence ab";"imint image intelligence ab";0;1;"auto"
"ncc ab";"ncc ab";"ncc ab";0;1;"auto"
"primus ab";"primus ab";"primus ab";0;1;"auto"
"saab automobile";"saab automobile";"saab automobile";0;1;"auto"
"saab";"saab";"saab";0;1;"auto"
"sandvik intellectual property";"sandvik";"sandvik";0;1;"auto"
"sj ab";"sj ab";"sj ab";0;1;"auto"
"skf";"skf";"skf";0;1;"auto"
"terranet ab";"terranet ab";"terranet ab";0;1;"auto"
"tetra pak";"tetra pak";"tetra pak";0;1;"auto"
"uddeholms ab";"uddeholms ab";"uddeholms ab";0;1;"auto"
"volvo";"volvo";"volvo";0;1;"auto"
"volvo penta";"volvo penta";"volvo penta";0;1;"auto"
"vsm";"vsm";"vsm";0;1;"auto"
"ascom";"ascom";"ascom";0;1;"auto"
"audemars piguet holding";"audemars piguet";"audemars piguet";0;1;"auto"
"autoform";"autoform";"autoform";0;1;"auto"
"barry callebaut";"barry callebaut";"barry callebaut";0;1;"auto"
"bolex";"bolex";"bolex";0;1;"auto"
"breitling";"breitling";"breitling";0;1;"auto"
"bron elektronik";"bron elektronik";"bron elektronik";0;1;"auto"
"burckhardt compression";"burckhardt compression";"burckhardt compression";0;1;"auto"
"century time gems";"century time gems";"century time gems";0;1;"auto"
"certina";"certina";"certina";0;1;"auto"
"chopard";"chopard";"chopard";0;1;"auto"
"crypto";"crypto";"crypto";0;1;"auto"
"dartfish";"dartfish";"dartfish";0;1;"auto"
"frédérique constant";"frederique constant";"frederique constant";0;1;"auto"
"hublot";"hublot";"hublot";0;1;"auto"
"intamin";"intamin";"intamin";0;1;"auto"
"iqair";"iqair";"iqair";0;1;"auto"
"jet aviation";"jet aviation";"jet aviation";0;1;"auto"
"kudelski";"kudelski";"kudelski";0;1;"auto"
"liebherr";"liebherr";"liebherr";0;1;"auto"
"logitech";"logitech";"logitech";0;1;"auto"
"maggi";"maggi";"maggi";0;1;"auto"
"maurice lacroix";"maurice lacroix";"maurice lacroix";0;1;"auto"
"nestle";"nestle";"nestle";0;1;"auto"
"nobel biocare services";"nobel biocare";"nobel biocare";0;1;"auto"
"omega";"omega";"omega";0;1;"auto"
"oscilloquartz";"oscilloquartz";"oscilloquartz";0;1;"auto"
"piaget";"piaget";"piaget";0;1;"auto"
"platit";"platit";"platit";0;1;"auto"
"richemont";"richemont";"richemont";0;1;"auto"
"ringier";"ringier";"ringier";0;1;"auto"
"rivella";"rivella";"rivella";0;1;"auto"
"rolex";"rolex";"rolex";0;1;"auto"
"sapal";"sapal";"sapal";0;1;"auto"
"serono";"serono";"serono";0;1;"auto"
"sersa";"sersa";"sersa";0;1;"auto"
"stadler rail";"stadler rail";"stadler rail";0;1;"auto"
"swatch";"swatch";"swatch";0;1;"auto"
"swissgear sarl";"swissgear";"swissgear";0;1;"auto"
"syngenta";"syngenta";"syngenta";0;1;"auto"
"tag heuer";"tag heuer";"tag heuer";0;1;"auto"
"te connectivity services";"te connectivity";"te connectivity";0;1;"auto"
"trisa holding";"trisa";"trisa";0;1;"auto"
"ublox";"ublox";"ublox";0;1;"auto"
"ubs";"ubs";"ubs";0;1;"auto"
"ulysse nardin";"ulysse nardin";"ulysse nardin";0;1;"auto"
"vacheron constantin";"vacheron constantin";"vacheron constantin";0;1;"auto"
"victorinox";"victorinox";"victorinox";0;1;"auto"
"wenger";"wenger";"wenger";0;1;"auto"
"zenith";"zenith";"zenith";0;1;"auto"
"zurich insurance";"zurich insurance";"zurich insurance";0;1;"auto"
"etihad airways";"etihad airways";"etihad airways";0;1;"auto"
"adallom";"adallom";"adallom";0;1;"auto"
"aladdin knowledge systems";"aladdin knowledge";"aladdin knowledge";0;1;"auto"
"allot communications";"allot communications";"allot communications";0;1;"auto"
"amdocs software systems";"amdocs";"amdocs";0;1;"auto"
"anobit";"anobit";"anobit";0;1;"auto"
"babylon";"babylon";"babylon";0;1;"auto"
"barkan mounts";"barkan mounts";"barkan mounts";0;1;"auto"
"brainsway";"brainsway";"brainsway";0;1;"auto"
"castro model";"castro model";"castro model";0;1;"auto"
"cellcom israel";"cellcom israel";"cellcom israel";0;1;"auto"
"ceragon networks";"ceragon networks";"ceragon networks";0;1;"auto"
"cimatron";"cimatron";"cimatron";0;1;"auto"
"collactive";"collactive";"collactive";0;1;"auto"
"ctera networks";"ctera networks";"ctera networks";0;1;"auto"
"dbmotion";"dbmotion";"dbmotion";0;1;"auto"
"eci telecom";"eci telecom";"eci telecom";0;1;"auto"
"frutarom";"frutarom";"frutarom";0;1;"auto"
"given imaging";"given imaging";"given imaging";0;1;"auto"
"hp scitex";"hp scitex";"hp scitex";0;1;"auto"
"insightec";"insightec";"insightec";0;1;"auto"
"ironsource";"ironsource";"ironsource";0;1;"auto"
"israel electric";"israel electric";"israel electric";0;1;"auto"
"israel shipyards";"israel shipyards";"israel shipyards";0;1;"auto"
"jacada";"jacada";"jacada";0;1;"auto"
"kampyle";"kampyle";"kampyle";0;1;"auto"
"keter plastic";"keter plastic";"keter plastic";0;1;"auto"
"kramer electronics";"kramer electronics";"kramer electronics";0;1;"auto"
"msystems";"msystems";"msystems";0;1;"auto"
"makhteshim agan";"makhteshim agan";"makhteshim agan";0;1;"auto"
"mobileye";"mobileye";"mobileye";0;1;"auto"
"motorola israel";"motorola israel";"motorola israel";0;1;"auto"
"namogoo";"namogoo";"namogoo";0;1;"auto"
"netafim";"netafim";"netafim";0;1;"auto"
"perion network";"perion network";"perion network";0;1;"auto"
"phinergy";"phinergy";"phinergy";0;1;"auto"
"rad data communications";"rad data communications";"rad data communications";0;1;"auto"
"rad";"rad";"rad";0;1;"auto"
"radcom";"radcom";"radcom";0;1;"auto"
"radware";"radware";"radware";0;1;"auto"
"radwin";"radwin";"radwin";0;1;"auto"
"secret double octopus";"secret double octopus";"secret double octopus";0;1;"auto"
"sodastream";"sodastream";"sodastream";0;1;"auto"
"solaredge";"solaredge";"solaredge";0;1;"auto"
"source vagabond systems";"source vagabond";"source vagabond";0;1;"auto"
"storedot";"storedot";"storedot";0;1;"auto"
"tadiran telecom";"tadiran telecom";"tadiran telecom";0;1;"auto"
"taro pharmaceuticals";"taro";"taro";0;1;"auto"
"tawkon";"tawkon";"tawkon";0;1;"auto"
"taykey";"taykey";"taykey";0;1;"auto"
"verint systems";"verint";"verint";0;1;"auto"
"videocells";"videocells";"videocells";0;1;"auto"
"zenith solar";"zenith solar";"zenith solar";0;1;"auto"
"birmingham systems";"birmingham";"birmingham";0;1;"auto"
"london electricity";"london electricity";"london electricity";0;1;"auto"
"abcam";"abcam";"abcam";0;1;"auto"
"norwich pharma";"norwich";"norwich";0;1;"auto"
"royal bank of scotland";"royal bank of scotland";"royal bank of scotland";0;1;"auto"
"adam equipment";"adam equipment";"adam equipment";0;1;"auto"
"amersham";"amersham";"amersham";0;1;"auto"
"anglian water authority";"anglian water authority";"anglian water authority";0;1;"auto"
"arrival";"arrival";"arrival";0;1;"auto"
"norton healthcare";"norton";"norton";0;1;"auto"
"wembley innovation";"wembley";"wembley";0;1;"auto"
"gaydon";"gaydon";"gaydon";0;1;"auto"
"leeds";"leeds";"leeds";0;1;"auto"
"astrazeneca";"astrazeneca";"astrazeneca";0;1;"auto"
"austin rover";"austin rover";"austin rover";0;1;"auto"
"marconi electronic systems";"marconi electronic";"marconi electronic";0;1;"auto"
"whitbread";"whitbread";"whitbread";0;1;"auto"
"bentley";"bentley";"bentley";0;1;"auto"
"biocompatibles";"biocompatibles";"biocompatibles";0;1;"auto"
"blink medical";"blink";"blink";0;1;"auto"
"national coal board";"national coal board";"national coal board";0;1;"auto"
"nottingham";"nottingham";"nottingham";0;1;"auto"
"british aircraft";"british aircraft";"british aircraft";0;1;"auto"
"hawker siddeley dynamics";"hawker siddeley dynamics";"hawker siddeley dynamics";0;1;"auto"
"british airways";"british airways";"british airways";0;1;"auto"
"waterside";"waterside";"waterside";0;1;"auto"
"british american tobacco";"british american tobacco";"british american tobacco";0;1;"auto"
"mg rover";"mg rover";"mg rover";0;1;"auto"
"scottish water";"scottish water";"scottish water";0;1;"auto"
"south staffordshire water";"south staffordshire water";"south staffordshire water";0;1;"auto"
"fathom systems";"fathom";"fathom";0;1;"auto"
"celltech";"celltech";"celltech";0;1;"auto"
"central electricity generating board";"central electricity generating board";"central electricity generating board";0;1;"auto"
"food service";"food service";"food service";0;1;"auto"
"convatec";"convatec";"convatec";0;1;"auto"
"severn trent water authority";"severn trent water authority";"severn trent water authority";0;1;"auto"
"united distillers";"united distillers";"united distillers";0;1;"auto"
"douglas equipment";"douglas equipment";"douglas equipment";0;1;"auto"
"textron";"textron";"textron";0;1;"auto"
"eastern electricity";"eastern electricity";"eastern electricity";0;1;"auto"
"kensington";"kensington";"kensington";0;1;"auto"
"electricity north west property";"electricity north west";"electricity north west";0;1;"auto"
"norweb";"norweb";"norweb";0;1;"auto"
"fisons";"fisons";"fisons";0;1;"auto"
"leamington spa";"leamington";"leamington";0;1;"auto"
"gamesys";"gamesys";"gamesys";0;1;"auto"
"the rank organisation";"the rank organisation";"the rank organisation";0;1;"auto"
"milk marketing board";"milk marketing board";"milk marketing board";0;1;"auto"
"dudley";"dudley";"dudley";0;1;"auto"
"severn trent services";"severn trent";"severn trent";0;1;"auto"
"imperial tobacco";"imperial tobacco";"imperial tobacco";0;1;"auto"
"horizon discovery";"horizon discovery";"horizon discovery";0;1;"auto"
"immunocore";"immunocore";"immunocore";0;1;"auto"
"ixico";"ixico";"ixico";0;1;"auto"
"lloyds bank";"lloyds bank";"lloyds bank";0;1;"auto"
"lonmin";"lonmin";"lonmin";0;1;"auto"
"manweb";"manweb";"manweb";0;1;"auto"
"chelmsford services";"chelmsford";"chelmsford";0;1;"auto"
"medherant";"medherant";"medherant";0;1;"auto"
"national power";"national power";"national power";0;1;"auto"
"norbrook laboratories";"norbrook";"norbrook";0;1;"auto"
"innogy";"innogy";"innogy";0;1;"auto"
"nuclear electric";"nuclear electric";"nuclear electric";0;1;"auto"
"scientific games";"scientific games";"scientific games";0;1;"auto"
"oxford biomedica";"oxford biomedica";"oxford biomedica";0;1;"auto"
"oxitec";"oxitec";"oxitec";0;1;"auto"
"panorama antennas";"panorama antennas";"panorama antennas";0;1;"auto"
"pinewood associates";"pinewood";"pinewood";0;1;"auto"
"powell duffryn";"powell duffryn";"powell duffryn";0;1;"auto"
"reneuron";"reneuron";"reneuron";0;1;"auto"
"salts healthcare";"salts";"salts";0;1;"auto"
"scottish power";"scottish power";"scottish power";0;1;"auto"
"sirius minerals";"sirius minerals";"sirius minerals";0;1;"auto"
"british steel";"british steel";"british steel";0;1;"auto"
"tarmac";"tarmac";"tarmac";0;1;"auto"
"wigan";"wigan";"wigan";0;1;"auto"
"severn trent water";"severn trent water";"severn trent water";0;1;"auto"
"wrc";"wrc";"wrc";0;1;"auto"
"aichi steel";"aichi steel";"aichi steel";0;1;"auto"
"alaxala networks";"alaxala networks";"alaxala networks";0;1;"auto"
"all nippon airways";"all nippon airways";"all nippon airways";0;1;"auto"
"anest iwata";"anest iwata";"anest iwata";0;1;"auto"
"arai helmet";"arai helmet";"arai helmet";0;1;"auto"
"asahi breweries";"asahi breweries";"asahi breweries";0;1;"auto"
"balmuda";"balmuda";"balmuda";0;1;"auto"
"bandai";"bandai";"bandai";0;1;"auto"
"chugoku electric power";"chugoku electric power";"chugoku electric power";0;1;"auto"
"comsys";"comsys";"comsys";0;1;"auto"
"cosmo oil";"cosmo oil";"cosmo oil";0;1;"auto"
"daiwa house industry";"daiwa house industry";"daiwa house industry";0;1;"auto"
"dentsu";"dentsu";"dentsu";0;1;"auto"
"descente";"descente";"descente";0;1;"auto"
"disco";"disco";"disco";0;1;"auto"
"dwango";"dwango";"dwango";0;1;"auto"
"enkei";"enkei";"enkei";0;1;"auto"
"ezaki glico";"ezaki glico";"ezaki glico";0;1;"auto"
"eco marine power";"eco marine power";"eco marine power";0;1;"auto"
"family inada";"family inada";"family inada";0;1;"auto"
"fast retailing";"fast retailing";"fast retailing";0;1;"auto"
"fostex";"fostex";"fostex";0;1;"auto"
"fuji television";"fuji television";"fuji television";0;1;"auto"
"gakken";"gakken";"gakken";0;1;"auto"
"globeride";"globeride";"globeride";0;1;"auto"
"gungho online entertainment";"gungho online entertainment";"gungho online entertainment";0;1;"auto"
"hamamatsu photonics";"hamamatsu photonics";"hamamatsu photonics";0;1;"auto"
"hasegawa";"hasegawa";"hasegawa";0;1;"auto"
"hirobo";"hirobo";"hirobo";0;1;"auto"
"hokkaido electric power";"hokkaido electric power";"hokkaido electric power";0;1;"auto"
"hokuetsu";"hokuetsu";"hokuetsu";0;1;"auto"
"honda";"honda";"honda";0;1;"auto"
"irem";"irem";"irem";0;1;"auto"
"iseki";"iseki";"iseki";0;1;"auto"
"jgc";"jgc";"jgc";0;1;"auto"
"k line enterprise";"k line";"k line";0;1;"auto"
"keihin electric express railway";"keihin electric express railway";"keihin electric express railway";0;1;"auto"
"kikkoman";"kikkoman";"kikkoman";0;1;"auto"
"komori";"komori";"komori";0;1;"auto"
"konami";"konami";"konami";0;1;"auto"
"kondo kagaku";"kondo kagaku";"kondo kagaku";0;1;"auto"
"korg";"korg";"korg";0;1;"auto"
"kumagai gumi";"kumagai gumi";"kumagai gumi";0;1;"auto"
"kuretake";"kuretake";"kuretake";0;1;"auto"
"kyosho";"kyosho";"kyosho";0;1;"auto"
"kyushu electric power";"kyushu electric power";"kyushu electric power";0;1;"auto"
"lion";"lion";"lion";0;1;"auto"
"lixil";"lixil";"lixil";0;1;"auto"
"makino";"makino";"makino";0;1;"auto"
"makita";"makita";"makita";0;1;"auto"
"mandom";"mandom";"mandom";0;1;"auto"
"marubeni";"marubeni";"marubeni";0;1;"auto"
"maruha nichiro";"maruha nichiro";"maruha nichiro";0;1;"auto"
"matsuura machinery";"matsuura machinery";"matsuura machinery";0;1;"auto"
"meidensha";"meidensha";"meidensha";0;1;"auto"
"mitsui knowledge industry";"mitsui knowledge industry";"mitsui knowledge industry";0;1;"auto"
"mitsui sumitomo insurance";"mitsui sumitomo insurance";"mitsui sumitomo insurance";0;1;"auto"
"mizkan";"mizkan";"mizkan";0;1;"auto"
"mizuho corporate bank";"mizuho corporate bank";"mizuho corporate bank";0;1;"auto"
"molten";"molten";"molten";0;1;"auto"
"murata machinery";"murata machinery";"murata machinery";0;1;"auto"
"nabtesco";"nabtesco";"nabtesco";0;1;"auto"
"nichicon";"nichicon";"nichicon";0;1;"auto"
"nippon broadcasting system";"nippon broadcasting system";"nippon broadcasting system";0;1;"auto"
"nippon electric glass";"nippon electric glass";"nippon electric glass";0;1;"auto"
"nippon express";"nippon express";"nippon express";0;1;"auto"
"nippon kayaku";"nippon kayaku";"nippon kayaku";0;1;"auto"
"nippon meat packers";"nippon meat packers";"nippon meat packers";0;1;"auto"
"nippon mining";"nippon mining";"nippon mining";0;1;"auto"
"nippon yusen";"nippon yusen";"nippon yusen";0;1;"auto"
"nkk switches";"nkk switches";"nkk switches";0;1;"auto"
"noritake";"noritake";"noritake";0;1;"auto"
"ns solutions";"ns solutions";"ns solutions";0;1;"auto"
"obayashi";"obayashi";"obayashi";0;1;"auto"
"ohara";"ohara";"ohara";0;1;"auto"
"olfa";"olfa";"olfa";0;1;"auto"
"onkyo";"onkyo";"onkyo";0;1;"auto"
"ono pharmaceutical";"ono pharmaceutical";"ono pharmaceutical";0;1;"auto"
"orion breweries";"orion breweries";"orion breweries";0;1;"auto"
"phiten";"phiten";"phiten";0;1;"auto"
"roland";"roland";"roland";0;1;"auto"
"sammy";"sammy";"sammy";0;1;"auto"
"sansui electric";"sansui electric";"sansui electric";0;1;"auto"
"seikosha";"seikosha";"seikosha";0;1;"auto"
"sekisui house";"sekisui house";"sekisui house";0;1;"auto"
"sharp";"sharp";"sharp";0;1;"auto"
"snk playmore";"snk playmore";"snk playmore";0;1;"auto"
"softbank";"softbank";"softbank";0;1;"auto"
"sojitz";"sojitz";"sojitz";0;1;"auto"
"sompo japan insurance";"sompo japan insurance";"sompo japan insurance";0;1;"auto"
"sony music entertainment japan";"sony music entertainment japan";"sony music entertainment japan";0;1;"auto"
"star micronics";"star micronics";"star micronics";0;1;"auto"
"subaru";"subaru";"subaru";0;1;"auto"
"sumitomo mitsui banking";"sumitomo mitsui banking";"sumitomo mitsui banking";0;1;"auto"
"sumitomo mitsui construction";"sumitomo mitsui construction";"sumitomo mitsui construction";0;1;"auto"
"sumitomo riko";"sumitomo riko";"sumitomo riko";0;1;"auto"
"sysmex";"sysmex";"sysmex";0;1;"auto"
"t hasegawa";"t hasegawa";"t hasegawa";0;1;"auto"
"taiyo nippon sanso";"taiyo nippon sanso";"taiyo nippon sanso";0;1;"auto"
"takenaka";"takenaka";"takenaka";0;1;"auto"
"tamron";"tamron";"tamron";0;1;"auto"
"terumo";"terumo";"terumo";0;1;"auto"
"thk";"thk";"thk";0;1;"auto"
"tiger";"tiger";"tiger";0;1;"auto"
"tokai carbon";"tokai carbon";"tokai carbon";0;1;"auto"
"tokyo broadcasting system";"tokyo broadcasting system";"tokyo broadcasting system";0;1;"auto"
"tokyo marui";"tokyo marui";"tokyo marui";0;1;"auto"
"topcon";"topcon";"topcon";0;1;"auto"
"toyobo";"toyobo";"toyobo";0;1;"auto"
"treasure";"treasure";"treasure";0;1;"auto"
"ucc ueshima coffee";"ucc ueshima coffee";"ucc ueshima coffee";0;1;"auto"
"uniden";"uniden";"uniden";0;1;"auto"
"west japan railway";"west japan railway";"west japan railway";0;1;"auto"
"yakult honsha";"yakult honsha";"yakult honsha";0;1;"auto"
"yamazaki baking";"yamazaki baking";"yamazaki baking";0;1;"auto"
"yanmar";"yanmar";"yanmar";0;1;"auto"
"zenrin";"zenrin";"zenrin";0;1;"auto"
"zojirushi";"zojirushi";"zojirushi";0;1;"auto"
"zuken";"zuken";"zuken";0;1;"auto"
"amorepacific";"amorepacific";"amorepacific";0;1;"auto"
"bc card";"bc card";"bc card";0;1;"auto"
"cj cgv";"cj cgv";"cj cgv";0;1;"auto"
"crown confectionery";"crown confectionery";"crown confectionery";0;1;"auto"
"dongbu chemical";"dongbu";"dongbu";0;1;"auto"
"eugene";"eugene";"eugene";0;1;"auto"
"gravity";"gravity";"gravity";0;1;"auto"
"gs caltex";"gs caltex";"gs caltex";0;1;"auto"
"halla";"halla";"halla";0;1;"auto"
"hansol chemical";"hansol";"hansol";0;1;"auto"
"hyundai  construction";"hyundai  construction";"hyundai  construction";0;1;"auto"
"hyundai rotem";"hyundai rotem";"hyundai rotem";0;1;"auto"
"hyundai steel";"hyundai steel";"hyundai steel";0;1;"auto"
"inca internet";"inca internet";"inca internet";0;1;"auto"
"industrial bank of korea";"industrial bank of korea";"industrial bank of korea";0;1;"auto"
"iriver";"iriver";"iriver";0;1;"auto"
"kakao";"kakao";"kakao";0;1;"auto"
"korea electric power";"korea electric power";"korea electric power";0;1;"auto"
"korean broadcasting system";"korean broadcasting system";"korean broadcasting system";0;1;"auto"
"kumho tire";"kumho tire";"kumho tire";0;1;"auto"
"lg chem";"lg chem";"lg chem";0;1;"auto"
"lg cns";"lg cns";"lg cns";0;1;"auto"
"lg uplus";"lg uplus";"lg uplus";0;1;"auto"
"lotte card";"lotte card";"lotte card";0;1;"auto"
"lotte confectionery";"lotte confectionery";"lotte confectionery";0;1;"auto"
"mando";"mando";"mando";0;1;"auto"
"naver";"naver";"naver";0;1;"auto"
"ncsoft";"ncsoft";"ncsoft";0;1;"auto"
"netmarble games";"netmarble games";"netmarble games";0;1;"auto"
"nexen tire";"nexen tire";"nexen tire";0;1;"auto"
"pantech";"pantech";"pantech";0;1;"auto"
"posco";"posco";"posco";0;1;"auto"
"samsung card";"samsung card";"samsung card";0;1;"auto"
"samsung digital imaging";"samsung digital imaging";"samsung digital imaging";0;1;"auto"
"seoul broadcasting system";"seoul broadcasting system";"seoul broadcasting system";0;1;"auto"
"shinhan bank";"shinhan bank";"shinhan bank";0;1;"auto"
"tmaxsoft";"tmaxsoft";"tmaxsoft";0;1;"auto"
"yuhan";"yuhan";"yuhan";0;1;"auto"
"adata";"adata";"adata";0;1;"auto"
"aeon motor";"aeon motor";"aeon motor";0;1;"auto"
"aerospace industrial development";"aerospace industrial development";"aerospace industrial development";0;1;"auto"
"alchip";"alchip";"alchip";0;1;"auto"
"aopen";"aopen";"aopen";0;1;"auto"
"apacer";"apacer";"apacer";0;1;"auto"
"behavior tech computer";"behavior tech computer";"behavior tech computer";0;1;"auto"
"cipherlab";"cipherlab";"cipherlab";0;1;"auto"
"clevo";"clevo";"clevo";0;1;"auto"
"cmc magnetics";"cmc magnetics";"cmc magnetics";0;1;"auto"
"cooler master";"cooler master";"cooler master";0;1;"auto"
"cpc";"cpc";"cpc";0;1;"auto"
"cyberlink";"cyberlink";"cyberlink";0;1;"auto"
"dbtel";"dbtel";"dbtel";0;1;"auto"
"dfi";"dfi";"dfi";0;1;"auto"
"dynacomware";"dynacomware";"dynacomware";0;1;"auto"
"elitegroup computer systems";"elitegroup computer";"elitegroup computer";0;1;"auto"
"epistar";"epistar";"epistar";0;1;"auto"
"far eastern new century";"far eastern new century";"far eastern new century";0;1;"auto"
"formosa plastics";"formosa plastics";"formosa plastics";0;1;"auto"
"fsp";"fsp";"fsp";0;1;"auto"
"htc";"htc";"htc";0;1;"auto"
"insyde software";"insyde";"insyde";0;1;"auto"
"jmicron";"jmicron";"jmicron";0;1;"auto"
"kingmax";"kingmax";"kingmax";0;1;"auto"
"kmc chain industrial";"kmc chain industrial";"kmc chain industrial";0;1;"auto"
"leadtek";"leadtek";"leadtek";0;1;"auto"
"microtek";"microtek";"microtek";0;1;"auto"
"miniwiz";"miniwiz";"miniwiz";0;1;"auto"
"nankang rubber tire";"nankang rubber tire";"nankang rubber tire";0;1;"auto"
"pegatron";"pegatron";"pegatron";0;1;"auto"
"phalanx biotech";"phalanx biotech";"phalanx biotech";0;1;"auto"
"ralink";"ralink";"ralink";0;1;"auto"
"ritek";"ritek";"ritek";0;1;"auto"
"taiwan cement";"taiwan cement";"taiwan cement";0;1;"auto"
"taiwan fertilizer";"taiwan fertilizer";"taiwan fertilizer";0;1;"auto"
"taiwan mobile communication";"taiwan mobile";"taiwan mobile";0;1;"auto"
"thunder tiger";"thunder tiger";"thunder tiger";0;1;"auto"
"transcend information";"transcend information";"transcend information";0;1;"auto"
"ulead systems";"ulead";"ulead";0;1;"auto"
"yageo";"yageo";"yageo";0;1;"auto"
"arcelik";"arcelik";"arcelik";0;1;"auto"
"irkut";"irkut";"irkut";0;1;"auto"
"russian";"russian";"russian";0;1;"auto"
"tupolev";"tupolev";"tupolev";0;1;"auto"
"mapna";"mapna";"mapna";0;1;"auto"
"biosys pty";"biosys pty";"biosis pty";1;1;"manual"
"slater gordon";"slater gordon";"slater  gordon";1;1;"manual"
"böhler uddeholm";"bohler uddeholm";"bohleruddeholm";1;1;"manual"
"voest alpine";"voest alpine";"voestalpine";1;1;"manual"
"agfa gevaert";"agfa gevaert";"agfagevaert";1;1;"manual"
"anheuser busch inbev";"anheuser busch inbev";"anheuserbusch inbev";1;1;"manual"
"carta mundi";"carta mundi";"cartamundi";1;1;"manual"
"mutoh europe n v";"mutoh europe n v";"mutoh europe nv";1;1;"manual"
"iochpe maxion";"iochpe maxion";"iochpemaxion";1;1;"manual"
"weg indústrias";"weg industrias";"weg industries";1;1;"manual"
"ati technolgies";"ati technolgies";"ati technologies";1;1;"manual"
"black photo";"black photo";"blacks photo";1;1;"manual"
"blackberry limted";"blackberry limted";"blackberry limited";1;1;"manual"
"bombardier recreational product";"bombardier recreational product";"bombardier recreational products";1;1;"manual"
"engineered lifting systems equipment";"engineered lifting equipment";"engineered lifting  equipment";1;1;"manual"
"hydro quebec";"hydro quebec";"hydroquebec";1;1;"manual"
"novacam tyechnologies";"novacam tyechnologies";"novacam technologies";1;1;"manual"
"parrish heimbecker";"parrish heimbecker";"parrish  heimbecker";1;1;"manual"
"petro canada";"petro canada";"petrocanada";1;1;"manual"
"potash  of saskatchewan";"potash  of saskatchewan";"potash of saskatchewan";1;1;"manual"
"pratt whitney canada";"pratt whitney canada";"pratt  whitney canada";1;1;"manual"
"snc lavalin";"snc lavalin";"snclavalin";1;1;"manual"
"sun rype";"sun rype";"sunrype";1;1;"manual"
"alibaba  holding";"alibaba ";"alibaba";1;1;"manual"
"alk abelló";"alk abello";"alkabello";1;1;"manual"
"bang olufsen";"bang olufsen";"bang  olufsen";1;1;"manual"
"terma a s";"terma a s";"terma as";1;1;"manual"
"dna oy";"dna oy";"dna oyj";1;1;"manual"
"upm kymmene";"upm kymmene";"upmkymmene";1;1;"manual"
"aerospatiale matra";"aerospatiale matra";"aerospatialematra";1;1;"manual"
"alcatel lucent";"alcatel lucent";"alcatellucent";1;1;"manual"
"rhone poulenc";"rhone poulenc";"rhonepoulenc";1;1;"manual"
"rhone poulenc systems";"rhone poulenc";"rhonepoulenc";1;1;"manual"
"saint gobain";"saint gobain";"saintgobain";1;1;"manual"
"thomson csf";"thomson csf";"thomsoncsf";1;1;"manual"
"benecke kaliko";"benecke kaliko";"beneckekaliko";1;1;"manual"
"blohm voss";"blohm voss";"blohmvoss";1;1;"manual"
"blohm voss holding";"blohm voss";"blohmvoss";1;1;"manual"
"dieffenbacher  kg";"dieffenbacher ";"dieffenbacher";1;1;"manual"
"evonik industrie";"evonik industrie";"evonik industries";1;1;"manual"
"faber castell";"faber castell";"fabercastell";1;1;"manual"
"gruner jahr";"gruner jahr";"gruner  jahr";1;1;"manual"
"hapag lloyd";"hapag lloyd";"hapaglloyd";1;1;"manual"
"heckler koch";"heckler koch";"heckler  koch";1;1;"manual"
"howaldtswerke deutsche werft";"howaldtswerke deutsche werft";"howaldtswerkedeutsche werft";1;1;"manual"
"infineon techonologies";"infineon techonologies";"infineon technologies";1;1;"manual"
"jung hans";"jung hans";"junghans";1;1;"manual"
"knorr bremse";"knorr bremse";"knorrbremse";1;1;"manual"
"koenig bauer";"koenig bauer";"koenig  bauer";1;1;"manual"
"mann hummel";"mann hummel";"mannhummel";1;1;"manual"
"mercedes benz";"mercedes benz";"mercedesbenz";1;1;"manual"
"rohde schwarz";"rohde schwarz";"rohde  schwarz";1;1;"manual"
"steinway sons";"steinway sons";"steinway  sons";1;1;"manual"
"villeroy boch";"villeroy boch";"villeroy  boch";1;1;"manual"
"ziehl abegg se";"ziehl abegg se";"ziehlabegg se";1;1;"manual"
"dr reddy s laboratories";"dr reddy s";"dr reddys";1;1;"manual"
"hero motorcorp";"hero motorcorp";"hero motocorp";1;1;"manual"
"larsen toubro";"larsen toubro";"larsen  toubro";1;1;"manual"
"mahindra mahindra";"mahindra mahindra";"mahindra  mahindra";1;1;"manual"
"danieli  spa";"danieli ";"danieli";1;1;"manual"
"de longhi spa";"de longhi";"delonghi";1;1;"manual"
"rancilio  spa";"rancilio ";"rancilio";1;1;"manual"
"sigma tau";"sigma tau";"sigmatau";1;1;"manual"
"akzo nobel";"akzo nobel";"akzonobel";1;1;"manual"
"apollo vredestein b v";"apollo vredestein b v";"apollo vredestein bv";1;1;"manual"
"stork services b v";"stork b v";"stork bv";1;1;"manual"
"vdl bus coach";"vdl bus coach";"vdl bus  coach";1;1;"manual"
"fisher paykel";"fisher paykel";"fisher  paykel";1;1;"manual"
"new zealand aluminum smelters";"new zealand aluminum smelters";"new zealand aluminium smelters";1;1;"manual"
"solaris bus coach";"solaris bus coach";"solaris bus  coach";1;1;"manual"
"kerry  services";"kerry ";"kerry";1;1;"manual"
"creative technoloy";"creative technoloy";"creative technology";1;1;"manual"
"compania espanola de petroleos  cepsa";"compania espanola de petroleos  cepsa";"compania espanola de petroleos cepsa";1;1;"manual"
"construcciones y auxiliar de ferrocarriles  caf";"construcciones y auxiliar de ferrocarriles  caf";"construcciones y auxiliar de ferrocarriles caf";1;1;"manual"
"axel johnson  ab";"axel johnson  ab";"axel johnson ab";1;1;"manual"
"vida  ab";"vida  ab";"vida ab";1;1;"manual"
"caran d ache";"caran d ache";"caran dache";1;1;"manual"
"girard perregaux";"girard perregaux";"girardperregaux";1;1;"manual"
"hoffmann la roche";"hoffmann la roche";"hoffmannla roche";1;1;"manual"
"lindt sprüngli";"lindt sprungli";"lindt  sprungli";1;1;"manual"
"mb microtec";"mb microtec";"mbmicrotec";1;1;"manual"
"st ericsson";"st ericsson";"stericsson";1;1;"manual"
"caesarstone sdot yam";"caesarstone sdot yam";"caesarstone sdotyam";1;1;"manual"
"shopping com";"shopping com";"shoppingcom";1;1;"manual"
"strauss elite";"strauss elite";"strausselite";1;1;"manual"
"wix com";"wix com";"wixcom";1;1;"manual"
"allen hanburys";"allen hanburys";"allen  hanburys";1;1;"manual"
"glaxo wellcome";"glaxo wellcome";"glaxowellcome";1;1;"manual"
"rolls royce";"rolls royce";"rollsroyce";1;1;"manual"
"imperial chemical industrices";"imperial industrices";"imperial industries";1;1;"manual"
"rolls royce motor cars";"rolls royce motor cars";"rollsroyce motor cars";1;1;"manual"
"rolls royce motors";"rolls royce motors";"rollsroyce motors";1;1;"manual"
"orthotics";"orthotics";"orthotic";1;1;"manual"
"thornton ross";"thornton ross";"thornton  ross";1;1;"manual"
"harmworth";"harmworth";"harworth";1;1;"manual"
"audio technica";"audio technica";"audiotechnica";1;1;"manual"
"daikin industris";"daikin industris";"daikin industries";1;1;"manual"
"fuji xerox xo";"fuji xerox xo";"fuji xerox co";1;1;"manual"
"hi lex";"hi lex";"hilex";1;1;"manual"
"kajita construction";"kajita construction";"kajima construction";1;1;"manual"
"kurita water industrie";"kurita water industrie";"kurita water industries";1;1;"manual"
"maruho";"maruho";"maruhon";1;1;"manual"
"mitsubishi heavy indusries";"mitsubishi heavy indusries";"mitsubishi heavy industries";1;1;"manual"
"nachi fujikoshi";"nachi fujikoshi";"nachifujikoshi";1;1;"manual"
"nippon chemi con";"nippon chemi con";"nippon chemicon";1;1;"manual"
"nippon steel sumitomo metal";"nippon steel sumitomo metal";"nippon steel  sumitomo metal";1;1;"manual"
"san ai oil";"san ai oil";"sanai oil";1;1;"manual"
"sumitomo heavy industrries";"sumitomo heavy industrries";"sumitomo heavy industries";1;1;"manual"
"sumitomo metal indusries";"sumitomo metal indusries";"sumitomo metal industries";1;1;"manual"
"sumitomo rubber indusiries";"sumitomo rubber indusiries";"sumitomo rubber industries";1;1;"manual"
"ubeindustries";"ubeindustries";"ube industries";1;1;"manual"
"ube indrustries";"ube indrustries";"ube industries";1;1;"manual"
"yamaha motor";"yamaha motor";"yamaha motors";1;1;"manual"
"cheil indistries";"cheil indistries";"cheil industries";1;1;"manual"
"doosan construction";"doosan construction";"doosan  construction";1;1;"manual"
"gamepark";"gamepark";"game park";1;1;"manual"
"hankook tire";"hankook tire";"hankook tires";1;1;"manual"
"hyundai motor campany";"hyundai motor campany";"hyundai motor company";1;1;"manual"
"ls cable system";"ls cable system";"ls cable  system";1;1;"manual"
"samsung c t";"samsung c t";"samsung ct";1;1;"manual"
"samsung electro mechanics";"samsung electro mechanics";"samsung electromechanics";1;1;"manual"
"sk c c";"sk c c";"sk cc";1;1;"manual"
"stx offshore shipbuilding";"stx offshore shipbuilding";"stx offshore  shipbuilding";1;1;"manual"
"chain tech";"chain tech";"chaintech";1;1;"manual"
"edison opto";"edison opto";"edisonopto";1;1;"manual"
"lite on";"lite on";"liteon";1;1;"manual"
"via technolgies";"via technolgies";"via technologies";1;1;"manual"
"mail ru";"mail ru";"mailru";1;1;"manual"
"vsmpo avisma";"vsmpo avisma";"vsmpoavisma";1;1;"manual"
